番号,245,
名前,순호,
呼び名,순호,
あだ名,없음,
基礎,0,2000
基礎,1,1500
素質,11,;反抗的,
素質,16,;プライド高い,
素質,33,;解放,
素質,38,;女嫌い,
素質,80,;倒錯的,
素質,81,;サド,
素質,90,;魅力,
素質,106,;Ｂ敏感,
素質,112,;巨乳,
素質,142,;母性,
素質,158,;狂気,
素質,211,;妖狐,
素質,222,;神霊,
能力,1,1,;Ｖ感覚,
能力,3,2,;Ｂ感覚,
能力,11,2,;欲望,
能力,12,2,;技巧,
能力,20,2,;サドっ気,
経験,0,50,;Ｖ経験,
経験,2,25,;絶頂経験,
経験,4,30,;精液経験,
相性,28,120,;鈴仙
相性,29,70,;永琳
相性,53,20,;豊姫
相性,54,20,;依姫
相性,55,20,;レイセン
;相性,240,20,;清蘭
;相性,241,20,;鈴瑚
相性,243,20,;サグメ
相性,244,150,;クラウン
相性,246,150,;ヘカーティア
フラグ,300,0,
フラグ,3269,100,
CSTR,31,순호,
CSTR,32,요괴,
CSTR,33,신령,
