;Rename.csv

;一つ目にゲームで読み込める文字列、二つ目に自分でつけたい名前にし、間をコンマ（ , ）で挟んでください。

;このファイルへの記入例）

;***********************************
;TALENT:110 , 巨乳
;NAME:10 ,  咲夜
;***********************************




;○素質へ変換
TALENT:0 , 素質:処女
TALENT:1 , 素質:肥大陰核
TALENT:10 , 素質:臆病
TALENT:11 , 素質:反抗的
TALENT:12 , 素質:気丈
TALENT:13 , 素質:素直
TALENT:14 , 素質:大人しい
TALENT:15 , 素質:生意気
TALENT:16 , 素質:プライド高い
TALENT:17 , 素質:プライド低い
TALENT:18 , 素質:ツンデレ
TALENT:19 , 素質:嫉妬しやすい
TALENT:20 , 素質:自制心
TALENT:21 , 素質:無関心
TALENT:22 , 素質:感情乏しい
TALENT:23 , 素質:好奇心
TALENT:24 , 素質:保守的
TALENT:25 , 素質:楽観的
TALENT:26 , 素質:悲観的
TALENT:27 , 素質:一線越えない
TALENT:28 , 素質:目立ちたがり
TALENT:30 , 素質:貞操観念
TALENT:31 , 素質:貞操無頓着
TALENT:32 , 素質:抑圧
TALENT:33 , 素質:解放
TALENT:34 , 素質:抵抗
TALENT:35 , 素質:恥じらい
TALENT:36 , 素質:恥薄い
TALENT:37 , 素質:男嫌い
TALENT:38 , 素質:女嫌い
TALENT:39 , 素質:弱味
TALENT:40 , 素質:痛みに弱い
TALENT:41 , 素質:痛みに強い
TALENT:42 , 素質:濡れやすい
TALENT:43 , 素質:濡れにくい
TALENT:44 , 素質:薬毒耐性
TALENT:45 , 素質:おもらし癖
TALENT:46 , 素質:媚薬中毒
TALENT:47 , 素質:喘息
TALENT:48 , 素質:呪精
TALENT:49 , 素質:蓬莱人
TALENT:50 , 素質:習得早い
TALENT:51 , 素質:習得遅い
TALENT:52 , 素質:舌使い
TALENT:53 , 素質:針さばき
TALENT:54 , 素質:猫舌
TALENT:55 , 素質:調合知識
TALENT:56 , 素質:禁断の知識
TALENT:57 , 素質:妖精知識
TALENT:58 , 素質:淫具知識
TALENT:59 , 素質:治療
TALENT:60 , 素質:自慰しやすい
TALENT:61 , 素質:汚臭鈍感
TALENT:62 , 素質:汚臭敏感
TALENT:63 , 素質:献身的
TALENT:64 , 素質:汚れ無視
TALENT:65 , 素質:パイパン
TALENT:66 , 素質:精愛味覚
TALENT:70 , 素質:快感に素直
TALENT:71 , 素質:快感の否定
TALENT:80 , 素質:倒錯的
TALENT:81 , 素質:サド
TALENT:82 , 素質:マゾ
TALENT:83 , 素質:両刀
TALENT:84 , 素質:中毒しやすい
TALENT:90 , 素質:魅力
TALENT:91 , 素質:魅惑
TALENT:92 , 素質:謎の魅力
TALENT:93 , 素質:小悪魔
TALENT:94 , 素質:人気
TALENT:95 , 素質:鼓舞
TALENT:96 , 素質:大乳導
TALENT:97 , 素質:つるぺた堕し
TALENT:98 , 素質:大甲斐性
TALENT:100 , 素質:Ｃ敏感
TALENT:101 , 素質:Ｃ鈍感
TALENT:102 , 素質:Ｖ敏感
TALENT:103 , 素質:Ｖ鈍感
TALENT:104 , 素質:Ａ敏感
TALENT:105 , 素質:Ａ鈍感
TALENT:106 , 素質:Ｂ敏感
TALENT:107 , 素質:Ｂ鈍感
TALENT:110 , 素質:絶壁
TALENT:111 , 素質:貧乳
TALENT:112 , 素質:巨乳
TALENT:113 , 素質:爆乳
TALENT:114 , 素質:日光浴
TALENT:115 , 素質:月光浴
TALENT:116 , 素質:動物耳
TALENT:120 , 素質:オトコ
TALENT:121 , 素質:ふたなり
TALENT:122 , 素質:不思議な根
TALENT:123 , 素質:具現
TALENT:124 , 素質:顕在化
TALENT:125 , 素質:狂気の目
TALENT:126 , 素質:教育者
TALENT:127 , 素質:小人体型
TALENT:128 , 素質:小柄体型
TALENT:129 , 素質:巨躯
TALENT:130 , 素質:幼児
TALENT:131 , 素質:幼稚
TALENT:132 , 素質:早漏
TALENT:133 , 素質:遅漏
TALENT:134 , 素質:母乳体質
TALENT:135 , 素質:卵生
TALENT:136 , 素質:産卵体質
TALENT:137 , 素質:回復早い
TALENT:138 , 素質:回復遅い
TALENT:139 , 素質:変幻自在
TALENT:140 , 素質:妊娠
TALENT:141 , 素質:育児中
TALENT:142 , 素質:母性
TALENT:143 , 素質:抱卵中
TALENT:145 , 素質:懐卵
TALENT:146 , 素質:寄生
TALENT:149 , 素質:触手使役術
TALENT:150 , 素質:恋慕
TALENT:151 , 素質:妄信
TALENT:152 , 素質:親愛
TALENT:153 , 素質:相愛
TALENT:157 , 素質:嫉妬
TALENT:158 , 素質:狂気
TALENT:159 , 素質:幼児退行
TALENT:160 , 素質:服従
TALENT:161 , 素質:烙印
TALENT:162 , 素質:隷属
TALENT:163 , 素質:傷物
TALENT:164 , 素質:使い魔
TALENT:167 , 素質:精神崩壊
TALENT:168 , 素質:傀儡
TALENT:169 , 素質:壊造人格
TALENT:170 , 素質:淫乱
TALENT:171 , 素質:淫核／淫茎
TALENT:172 , 素質:淫壷
TALENT:173 , 素質:淫尻
TALENT:174 , 素質:淫乳
TALENT:175 , 素質:尿道狂
TALENT:176 , 素質:キス魔
TALENT:177 , 素質:ドＳ
TALENT:178 , 素質:ドＭ
TALENT:179 , 素質:即落ち
TALENT:180 , 素質:淫魔
TALENT:190 , 素質:音痴
TALENT:191 , 素質:音感
TALENT:192 , 素質:料理苦手
TALENT:193 , 素質:料理得意
TALENT:194 , 素質:調理名人
TALENT:195 , 素質:工作名人
TALENT:196 , 素質:報道者
TALENT:197 , 素質:魔術技能
TALENT:198 , 素質:超常目算
TALENT:200 , 素質:妖精
TALENT:205 , 素質:吸血鬼
TALENT:206 , 素質:機械
TALENT:207 , 素質:霊体
TALENT:208 , 素質:人形
TALENT:209 , 素質:悪魔
TALENT:210 , 素質:河童
TALENT:211 , 素質:妖狐
TALENT:212 , 素質:半白澤
TALENT:213 , 素質:覚
TALENT:214 , 素質:鬼
TALENT:215 , 素質:天狗
TALENT:216 , 素質:求聞持
TALENT:217 , 素質:鵺
TALENT:218 , 素質:博麗の巫女
TALENT:219 , 素質:風祝
TALENT:260 , 素質:娼婦
TALENT:261 , 素質:求愛依存
TALENT:262 , 素質:売春中毒
TALENT:263 , 素質:春の人
TALENT:264 , 素質:看板娘
TALENT:265 , 素質:常連客
TALENT:266 , 素質:傾倒
TALENT:830 , 素質:拒絶
TALENT:831 , 素質:野菜の錬金術師
TALENT:998 , 素質:Debug

;○能力へ変換
ABL:0 , 能力:Ｃ感覚
ABL:1 , 能力:Ｖ感覚
ABL:2 , 能力:Ａ感覚
ABL:3 , 能力:Ｂ感覚
ABL:10 , 能力:従順
ABL:11 , 能力:欲望
ABL:12 , 能力:技巧
ABL:13 , 能力:奉仕精神
ABL:14 , 能力:露出癖
ABL:20 , 能力:サドっ気
ABL:21 , 能力:マゾっ気
ABL:22 , 能力:レズっ気
ABL:23 , 能力:ＢＬっ気
ABL:30 , 能力:自慰中毒
ABL:31 , 能力:精液中毒
ABL:32 , 能力:レズ中毒
ABL:33 , 能力:ＢＬ中毒
ABL:34 , 能力:噴乳中毒
ABL:35 , 能力:触手中毒
ABL:36 , 能力:排泄中毒
ABL:37 , 能力:射精中毒
ABL:70 , 能力:料理技能
ABL:71 , 能力:撮影技能
ABL:72 , 能力:歌唱技能
ABL:73 , 能力:工作技能
ABL:98 , 能力:触手使役
ABL:99 , 能力:調教師Lv

;○珠へ変換
JUEL:0 , 珠:快Ｃ
JUEL:1 , 珠:快Ｖ
JUEL:2 , 珠:快Ａ
JUEL:3 , 珠:快Ｂ
JUEL:10 , 珠:潤滑
JUEL:11 , 珠:習得
JUEL:12 , 珠:恭順
JUEL:13 , 珠:欲情
JUEL:14 , 珠:屈服
JUEL:15 , 珠:恥情
JUEL:16 , 珠:苦痛
JUEL:17 , 珠:恐怖
JUEL:20 , 珠:反感
JUEL:21 , 珠:不快
JUEL:22 , 珠:抑鬱
JUEL:30 , 珠:薬毒
JUEL:31 , 珠:侵蝕
JUEL:32 , 珠:先導
JUEL:100 , 珠:否定
JUEL:198 , 珠:触手

;○経験へ変換
EXP:0 , 経験:Ｖ経験
EXP:1 , 経験:Ａ経験
EXP:2 , 経験:絶頂経験
EXP:3 , 経験:射精経験
EXP:4 , 経験:精液経験
EXP:5 , 経験:噴乳経験
EXP:6 , 経験:放尿経験
EXP:7 , 経験:調教排泄経験
EXP:8 , 経験:精飲絶頂経験
EXP:10 , 経験:自慰経験
EXP:11 , 経験:調教自慰経験
EXP:12 , 経験:レズ経験
EXP:13 , 経験:ＢＬ経験
EXP:20 , 経験:奉仕快楽経験
EXP:21 , 経験:愛情経験
EXP:22 , 経験:フェラ経験
EXP:23 , 経験:キス経験
EXP:30 , 経験:苦痛快楽経験
EXP:31 , 経験:緊縛経験
EXP:32 , 経験:Ｖ拡張経験
EXP:33 , 経験:Ａ拡張経験
EXP:34 , 経験:Ｕ拡張経験
EXP:39 , 経験:ＳＭ教育経験
EXP:40 , 経験:薬物経験
EXP:41 , 経験:Ｃ調律経験
EXP:42 , 経験:Ｖ調律経験
EXP:43 , 経験:Ａ快楽経験
EXP:44 , 経験:Ｂ快楽経験
EXP:45 , 経験:乳腺開発経験
EXP:46 , 経験:尿道開発経験
EXP:50 , 経験:異常経験
EXP:51 , 経験:産卵経験
EXP:52 , 経験:出産経験
EXP:53 , 経験:触手経験
EXP:54 , 経験:吸血経験
EXP:55 , 経験:調教失神経験
EXP:56 , 経験:動物性愛経験
EXP:70 , 経験:調理経験
EXP:71 , 経験:撮影経験
EXP:72 , 経験:被写経験
EXP:73 , 経験:歌唱経験
EXP:74 , 経験:工作経験
EXP:75 , 経験:教育経験
EXP:76 , 経験:売春経験
EXP:77 , 経験:娼館人気
EXP:80 , 経験:強姦経験
EXP:81 , 経験:被強姦経験
EXP:82 , 経験:被輪姦経験
EXP:83 , 経験:被姦快楽経験
EXP:97 , 経験:極楽絶頂経験
EXP:98 , 経験:主人調教経験
EXP:99 , 経験:助手経験

;○道具へ変換
ITEM:0 , 道具:ローター
ITEM:1 , 道具:電気按摩
ITEM:2 , 道具:ペニスバンド
ITEM:3 , 道具:バイブ
ITEM:7 , 道具:ヴァギナ電極
ITEM:8 , 道具:クスコ
ITEM:9 , 道具:アナルバイブ
ITEM:10 , 道具:浣腸器具一式
ITEM:11 , 道具:アナルビーズ
ITEM:12 , 道具:空気ポンプ
ITEM:13 , 道具:拡張バルーン
ITEM:14 , 道具:電極プラグ
ITEM:15 , 道具:クリキャップ
ITEM:16 , 道具:オナホール
ITEM:17 , 道具:電極オナホール
ITEM:18 , 道具:陰核電極
ITEM:19 , 道具:リボン
ITEM:20 , 道具:ニプルキャップ
ITEM:21 , 道具:搾乳器
ITEM:23 , 道具:テープ付き電極
ITEM:24 , 道具:サラシ
ITEM:25 , 道具:カテーテル
ITEM:26 , 道具:採尿器
ITEM:27 , 道具:風船カテーテル
ITEM:28 , 道具:電極カテーテル
ITEM:29 , 道具:縄
ITEM:30 , 道具:アイマスク
ITEM:31 , 道具:ボールギャグ
ITEM:32 , 道具:鞭
ITEM:33 , 道具:針
ITEM:34 , 道具:強制開口器
ITEM:35 , 道具:鼻フック
ITEM:36 , 道具:豆つまみ
ITEM:37 , 道具:スタンガン
ITEM:40 , 道具:大鏡
ITEM:41 , 道具:首輪＋リード
ITEM:42 , 道具:プレイマット
ITEM:43 , 道具:プラカード
ITEM:44 , 道具:エプロン
ITEM:45 , 道具:スクール水着
ITEM:46 , 道具:聴診器
ITEM:47 , 道具:仮装衣装一式
ITEM:48 , 道具:特注日傘
ITEM:50 , 道具:ビデオカメラ
ITEM:51 , 道具:カメラ
ITEM:52 , 道具:マイク
ITEM:53 , 道具:注射セット
ITEM:58 , 道具:編集機材
ITEM:59 , 道具:進化の秘法
ITEM:60 , 道具:ローション
ITEM:61 , 道具:媚薬
ITEM:62 , 道具:利尿剤
ITEM:63 , 道具:坐剤
ITEM:64 , 道具:排卵誘発剤
ITEM:65 , 道具:緊急避妊薬
ITEM:66 , 道具:強精神薬
ITEM:67 , 道具:産卵促進剤
ITEM:68 , 道具:陰核成長剤
ITEM:69 , 道具:興奮剤
ITEM:75 , 道具:ビデオテープ
ITEM:76 , 道具:フィルム
ITEM:77 , 道具:具材セット
ITEM:78 , 道具:コンドーム
ITEM:79 , 道具:抗菌綿棒
ITEM:80 , 道具:低温蝋燭
ITEM:81 , 道具:蓋付き瓶
ITEM:82 , 道具:ヲトナのオムツ
ITEM:95 , 道具:空晶石の首輪
ITEM:96 , 道具:青珊瑚の指輪
ITEM:97 , 道具:隷属の証
ITEM:98 , 道具:赤い首輪
ITEM:99 , 道具:エンゲージリング
ITEM:100 , 道具:あなた
ITEM:101 , 道具:霊夢
ITEM:102 , 道具:魔理沙
ITEM:103 , 道具:ルーミア
ITEM:104 , 道具:大妖精
ITEM:105 , 道具:チルノ
ITEM:106 , 道具:美鈴
ITEM:107 , 道具:小悪魔
ITEM:108 , 道具:パチュリー
ITEM:109 , 道具:咲夜
ITEM:110 , 道具:レミリア
ITEM:111 , 道具:フランドール
ITEM:112 , 道具:レティ
ITEM:113 , 道具:橙
ITEM:114 , 道具:アリス
ITEM:115 , 道具:リリーホワイト
ITEM:116 , 道具:リリカ
ITEM:117 , 道具:メルラン
ITEM:118 , 道具:ルナサ
ITEM:119 , 道具:妖夢
ITEM:120 , 道具:幽々子
ITEM:121 , 道具:藍
ITEM:122 , 道具:紫
ITEM:123 , 道具:萃香
ITEM:124 , 道具:リグル
ITEM:125 , 道具:ミスティア
ITEM:126 , 道具:慧音
ITEM:127 , 道具:てゐ
ITEM:128 , 道具:鈴仙
ITEM:129 , 道具:永琳
ITEM:130 , 道具:輝夜
ITEM:131 , 道具:妹紅
ITEM:132 , 道具:文
ITEM:133 , 道具:メディスン
ITEM:134 , 道具:幽香
ITEM:135 , 道具:小町
ITEM:136 , 道具:映姫
ITEM:137 , 道具:静葉
ITEM:138 , 道具:穣子
ITEM:139 , 道具:雛
ITEM:140 , 道具:にとり
ITEM:141 , 道具:椛
ITEM:142 , 道具:早苗
ITEM:143 , 道具:神奈子
ITEM:144 , 道具:諏訪子
ITEM:145 , 道具:サニーミルク
ITEM:146 , 道具:ルナチャイルド
ITEM:147 , 道具:スターサファイア
ITEM:148 , 道具:阿求
ITEM:149 , 道具:蓮子
ITEM:150 , 道具:マエリベリー
ITEM:151 , 道具:衣玖
ITEM:152 , 道具:天子
ITEM:153 , 道具:豊姫
ITEM:154 , 道具:依姫
ITEM:155 , 道具:レイセン
ITEM:156 , 道具:リリーブラック
ITEM:157 , 道具:キスメ
ITEM:158 , 道具:ヤマメ
ITEM:159 , 道具:パルスィ
ITEM:160 , 道具:勇儀
ITEM:161 , 道具:さとり
ITEM:162 , 道具:お燐
ITEM:163 , 道具:空
ITEM:164 , 道具:こいし
ITEM:165 , 道具:半霊
ITEM:166 , 道具:上海人形
ITEM:167 , 道具:蓬莱人形
ITEM:168 , 道具:朱鷺子
ITEM:169 , 道具:霖之助
ITEM:170 , 道具:妖忌
ITEM:171 , 道具:ナズーリン
ITEM:172 , 道具:小傘
ITEM:173 , 道具:一輪
ITEM:174 , 道具:雲山
ITEM:175 , 道具:ムラサ
ITEM:176 , 道具:星
ITEM:177 , 道具:白蓮
ITEM:178 , 道具:ぬえ
ITEM:197 , 道具:ゴリアテ人形
ITEM:198 , 道具:レイラ
ITEM:199 , 道具:半霊(忌)
ITEM:200 , 道具:魅魔
ITEM:201 , 道具:里香
ITEM:202 , 道具:明羅
ITEM:203 , 道具:エレン
ITEM:204 , 道具:小兎姫
ITEM:205 , 道具:カナ
ITEM:206 , 道具:理香子
ITEM:207 , 道具:ちゆり
ITEM:208 , 道具:夢美
ITEM:209 , 道具:オレンジ
ITEM:210 , 道具:くるみ
ITEM:211 , 道具:エリー
ITEM:212 , 道具:夢月
ITEM:213 , 道具:幻月
ITEM:214 , 道具:サラ
ITEM:215 , 道具:ルイズ
ITEM:216 , 道具:ユキ
ITEM:217 , 道具:マイ
ITEM:218 , 道具:夢子
ITEM:219 , 道具:神綺
ITEM:221 , 道具:ユウゲンマガン
ITEM:222 , 道具:エリス
ITEM:224 , 道具:キクリ
ITEM:225 , 道具:コンガラ
ITEM:228 , 道具:ＶＩＶＩＴ
ITEM:239 , 道具:伊佐美
ITEM:240 , 道具:辰巳
ITEM:241 , 道具:ルミ
ITEM:242 , 道具:天治
ITEM:249 , 道具:娘
ITEM:250 , 道具:ひまわり妖精
ITEM:251 , 道具:メイド妖精
ITEM:252 , 道具:赤妖精
ITEM:253 , 道具:青妖精
ITEM:254 , 道具:緑妖精
ITEM:255 , 道具:黄妖精
ITEM:256 , 道具:ゾンビフェアリー
ITEM:260 , 道具:黒ひまわり妖精
ITEM:261 , 道具:黒メイド妖精
ITEM:262 , 道具:朱妖精
ITEM:263 , 道具:蒼妖精
ITEM:264 , 道具:翠妖精
ITEM:265 , 道具:金妖精
ITEM:266 , 道具:黒呪精
ITEM:270 , 道具:地上の兎
ITEM:271 , 道具:里の人間
ITEM:272 , 道具:アリスの人形
ITEM:273 , 道具:魔界人
ITEM:274 , 道具:鴉天狗
ITEM:275 , 道具:白狼天狗
ITEM:276 , 道具:ここぁ
ITEM:277 , 道具:夜雀
ITEM:278 , 道具:地獄鴉
ITEM:279 , 道具:亡霊
ITEM:280 , 道具:河童
ITEM:281 , 道具:旧都鬼
ITEM:282 , 道具:地獄鬼
ITEM:283 , 道具:死神
ITEM:284 , 道具:玉兎
ITEM:285 , 道具:天人
ITEM:300 , 道具:メイベル
ITEM:301 , 道具:アリオーシュ
ITEM:302 , 道具:ユナ
ITEM:303 , 道具:キナコ
ITEM:304 , 道具:烈美鈴
ITEM:305 , 道具:ミルル
ITEM:500 , 道具:霊夢様
ITEM:501 , 道具:触手娘
ITEM:502 , 道具:ドリアード
ITEM:503 , 道具:リリーグレイ
ITEM:520 , 道具:Ｓひまわり妖精
ITEM:521 , 道具:Ｇゾンビフェアリー
ITEM:522 , 道具:Ｏメイド妖精
ITEM:523 , 道具:ロイヤルフレア
ITEM:524 , 道具:サイレントセレナ
ITEM:597 , 道具:地獄子
ITEM:600 , 道具:カルーア
ITEM:601 , 道具:ビール
ITEM:602 , 道具:ワイン
ITEM:603 , 道具:大吟醸酒
ITEM:604 , 道具:スピリタス
ITEM:605 , 道具:《神便鬼毒酒》

;○刻印へ変換
MARK:0 , 刻印:苦痛刻印
MARK:1 , 刻印:快楽刻印
MARK:2 , 刻印:屈服刻印
MARK:3 , 刻印:薬物刻印
MARK:8 , 刻印:恐怖刻印
MARK:9 , 刻印:反発刻印
MARK:10 , 刻印:不死刻印

;○パラへ変換
PALAM:0 , パラ:快Ｃ
PALAM:1 , パラ:快Ｖ
PALAM:2 , パラ:快Ａ
PALAM:3 , パラ:快Ｂ
PALAM:10 , パラ:潤滑
PALAM:11 , パラ:習得
PALAM:12 , パラ:恭順
PALAM:13 , パラ:欲情
PALAM:14 , パラ:屈服
PALAM:15 , パラ:恥情
PALAM:16 , パラ:苦痛
PALAM:17 , パラ:恐怖
PALAM:20 , パラ:反感
PALAM:21 , パラ:不快
PALAM:22 , パラ:抑鬱
PALAM:30 , パラ:薬毒
PALAM:31 , パラ:侵蝕
PALAM:32 , パラ:先導
PALAM:100 , パラ:否定
PALAM:198 , パラ:触手

;○調教へ変換
TRAIN:0 , 調教:愛撫
TRAIN:1 , 調教:クンニ
TRAIN:2 , 調教:アナル愛撫
TRAIN:3 , 調教:胸愛撫
TRAIN:4 , 調教:指挿入れ
TRAIN:5 , 調教:フェラする
TRAIN:6 , 調教:キスする
TRAIN:7 , 調教:自慰
TRAIN:9 , 調教:何もしない
TRAIN:10 , 調教:ローター
TRAIN:11 , 調教:電気按摩
TRAIN:12 , 調教:バイブ
TRAIN:13 , 調教:アナルバイブ
TRAIN:14 , 調教:クリキャップ
TRAIN:15 , 調教:ニプルキャップ
TRAIN:16 , 調教:オナホール
TRAIN:17 , 調教:電極オナホール
TRAIN:20 , 調教:正常位
TRAIN:21 , 調教:後背位
TRAIN:22 , 調教:対面座位
TRAIN:23 , 調教:背面座位
TRAIN:24 , 調教:騎乗位
TRAIN:25 , 調教:逆レイプ
TRAIN:26 , 調教:助手を犯す
TRAIN:27 , 調教:対面立位
TRAIN:28 , 調教:背面立位
TRAIN:30 , 調教:正常位アナル
TRAIN:31 , 調教:後背位アナル
TRAIN:32 , 調教:対面座位アナル
TRAIN:33 , 調教:背面座位アナル
TRAIN:34 , 調教:騎乗位アナル
TRAIN:35 , 調教:逆アナルレイプ
TRAIN:36 , 調教:助手のＡを犯す
TRAIN:37 , 調教:対面立位アナル
TRAIN:38 , 調教:背面立位アナル
TRAIN:40 , 調教:手淫
TRAIN:41 , 調教:フェラチオ
TRAIN:42 , 調教:パイズリ
TRAIN:43 , 調教:素股
TRAIN:44 , 調教:アナル舐め強制
TRAIN:45 , 調教:アナルおねだり
TRAIN:46 , 調教:足舐め強制
TRAIN:47 , 調教:足扱き
TRAIN:48 , 調教:髪扱き
TRAIN:49 , 調教:腋扱き
TRAIN:50 , 調教:全身扱き
TRAIN:51 , 調教:尻扱き
TRAIN:52 , 調教:竿扱き
TRAIN:53 , 調教:玉揉み強制
TRAIN:54 , 調教:玉舐め強制
TRAIN:55 , 調教:アナル愛撫強制
TRAIN:60 , 調教:ローション
TRAIN:61 , 調教:媚薬
TRAIN:62 , 調教:利尿剤
TRAIN:63 , 調教:座薬
TRAIN:64 , 調教:座薬(膣)
TRAIN:65 , 調教:強精神薬
TRAIN:66 , 調教:排卵誘発剤
TRAIN:67 , 調教:緊急避妊薬
TRAIN:68 , 調教:産卵促進剤
TRAIN:69 , 調教:陰核成長剤
TRAIN:70 , 調教:興奮剤
TRAIN:80 , 調教:クリトリス注射
TRAIN:81 , 調教:ヴァギナ注射
TRAIN:82 , 調教:アナル注射
TRAIN:83 , 調教:バスト注射
TRAIN:84 , 調教:尿道注射
TRAIN:85 , 調教:Ｃ肥大注射
TRAIN:86 , 調教:Ｃ強精神薬注射
TRAIN:88 , 調教:採血注射
TRAIN:90 , 調教:裸エプロン
TRAIN:91 , 調教:スク水プレイ
TRAIN:92 , 調教:お医者プレイ
TRAIN:93 , 調教:コスプレ
TRAIN:94 , 調教:助手コスプレ
TRAIN:100 , 調教:ビデオ撮影
TRAIN:101 , 調教:ビデオ鑑賞
TRAIN:102 , 調教:写真撮影
TRAIN:103 , 調教:羞恥プレイ
TRAIN:104 , 調教:野外プレイ
TRAIN:105 , 調教:公開露出ライブ
TRAIN:106 , 調教:公衆肉便器プレイ
TRAIN:107 , 調教:裸体盛り
TRAIN:108 , 調教:ベビープレイ
TRAIN:110 , 調教:秘貝開帳
TRAIN:111 , 調教:放尿
TRAIN:112 , 調教:剃毛
TRAIN:113 , 調教:毛抜き
TRAIN:114 , 調教:毛を抜かせる
TRAIN:115 , 調教:自慰見せつけ
TRAIN:116 , 調教:二人自慰見せつけ
TRAIN:117 , 調教:秘貝開帳見せつけ
TRAIN:118 , 調教:二人秘貝見せつけ
TRAIN:120 , 調教:焦らしプレイ
TRAIN:121 , 調教:射精止め
TRAIN:122 , 調教:豆責め
TRAIN:123 , 調教:豆絞り
TRAIN:124 , 調教:ローター自慰
TRAIN:125 , 調教:電マ自慰
TRAIN:126 , 調教:顔面騎乗
TRAIN:130 , 調教:陰核クリップ
TRAIN:131 , 調教:陰核電極
TRAIN:135 , 調教:陰核測定
TRAIN:136 , 調教:割礼
TRAIN:137 , 調教:射精機能開発
TRAIN:140 , 調教:尿道綿棒
TRAIN:141 , 調教:カテーテル
TRAIN:142 , 調教:採尿器
TRAIN:143 , 調教:バルーンカテーテル
TRAIN:144 , 調教:電極カテーテル
TRAIN:145 , 調教:飲尿する
TRAIN:146 , 調教:尿道挿入
TRAIN:150 , 調教:クスコ
TRAIN:151 , 調教:ローター挿入
TRAIN:155 , 調教:ヴァギナ電極
TRAIN:170 , 調教:ローターＡ挿入
TRAIN:171 , 調教:アナル電極
TRAIN:172 , 調教:アナルビーズ
TRAIN:173 , 調教:拡張バルーン
TRAIN:174 , 調教:浣腸プレイ
TRAIN:175 , 調教:空気浣腸
TRAIN:176 , 調教:媚薬浣腸
TRAIN:177 , 調教:利尿剤浣腸
TRAIN:180 , 調教:アナル舐め
TRAIN:181 , 調教:アナル綿棒
TRAIN:182 , 調教:アナニー
TRAIN:186 , 調教:尻愛撫
TRAIN:187 , 調教:顔面騎乗アナル
TRAIN:188 , 調教:アナルの皺数え
TRAIN:190 , 調教:乳首ローター
TRAIN:191 , 調教:搾乳機
TRAIN:192 , 調教:乳腺開発
TRAIN:193 , 調教:乳房電極
TRAIN:194 , 調教:サラシ
TRAIN:195 , 調教:乳首クリップ
TRAIN:200 , 調教:胸揉み
TRAIN:201 , 調教:乳首責め
TRAIN:202 , 調教:乳首舐め
TRAIN:203 , 調教:乳首吸い
TRAIN:204 , 調教:母乳飲み
TRAIN:205 , 調教:胸自慰
TRAIN:206 , 調教:乳スパンキング
TRAIN:207 , 調教:乳ファック
TRAIN:208 , 調教:縦パイズリ
TRAIN:209 , 調教:パイズリフェラ
TRAIN:210 , 調教:乳合わせ
TRAIN:211 , 調教:乳合わせ見せつけ
TRAIN:220 , 調教:スパンキング
TRAIN:221 , 調教:鞭
TRAIN:222 , 調教:針
TRAIN:223 , 調教:蝋燭
TRAIN:224 , 調教:縄
TRAIN:225 , 調教:アイマスク
TRAIN:226 , 調教:ボールギャグ
TRAIN:227 , 調教:罵倒
TRAIN:228 , 調教:鼻フック
TRAIN:229 , 調教:強制開口器
TRAIN:230 , 調教:イラマチオ
TRAIN:231 , 調教:フィストファック
TRAIN:232 , 調教:アナルフィスト
TRAIN:233 , 調教:両穴フィスト
TRAIN:234 , 調教:ヴァギナダイビング
TRAIN:235 , 調教:アナルダイビング
TRAIN:236 , 調教:ツボを突く
TRAIN:238 , 調教:スタンガン
TRAIN:240 , 調教:足で踏む
TRAIN:241 , 調教:腹パン
TRAIN:242 , 調教:三角木馬
TRAIN:243 , 調教:杭
TRAIN:244 , 調教:ナイフ
TRAIN:245 , 調教:鉈
TRAIN:251 , 調教:ビンタを張る
TRAIN:252 , 調教:アイアンメイデン
TRAIN:270 , 調教:罵ってもらう
TRAIN:271 , 調教:足を舐める
TRAIN:272 , 調教:叩いてもらう
TRAIN:290 , 調教:コンドーム
TRAIN:291 , 調教:コンドーム精飲(奴)
TRAIN:292 , 調教:コンドーム精飲(助)
TRAIN:293 , 調教:ザーメンキス
TRAIN:300 , 調教:クンニ強制
TRAIN:301 , 調教:貝あわせ
TRAIN:302 , 調教:足コキする
TRAIN:303 , 調教:ダブルフェラ
TRAIN:304 , 調教:Ｗフェラ
TRAIN:305 , 調教:ダブル素股
TRAIN:306 , 調教:ダブルパイズリ
TRAIN:307 , 調教:助手を犯させる
TRAIN:308 , 調教:助手のＡを犯させる
TRAIN:309 , 調教:助手とキスする
TRAIN:320 , 調教:優しくする
TRAIN:321 , 調教:手淫する
TRAIN:322 , 調教:パイズリする
TRAIN:323 , 調教:正常位させる
TRAIN:324 , 調教:後背位させる
TRAIN:325 , 調教:騎乗位する
TRAIN:326 , 調教:ペニバン挿入
TRAIN:327 , 調教:指チュパ
TRAIN:328 , 調教:首筋耳裏責め
TRAIN:329 , 調教:玉愛撫
TRAIN:330 , 調教:玉を舐める
TRAIN:331 , 調教:二人でフェラする
TRAIN:332 , 調教:Ａ正常位させる
TRAIN:333 , 調教:Ａ後背位させる
TRAIN:334 , 調教:Ａ騎乗位する
TRAIN:335 , 調教:パイズリフェラする
TRAIN:340 , 調教:ぱふぱふ
TRAIN:341 , 調教:胸枕
TRAIN:342 , 調教:乳繰り合う
TRAIN:343 , 調教:乳ビンタ
TRAIN:344 , 調教:乳の揉み合い
TRAIN:345 , 調教:お風呂を楽しむ
TRAIN:346 , 調教:お外を楽しむ
TRAIN:347 , 調教:お嫁さんで楽しむ
TRAIN:348 , 調教:お酒を飲ませる
TRAIN:349 , 調教:ふぉーゆーっ！
TRAIN:350 , 調教:お風呂場プレイ
TRAIN:351 , 調教:シャワー
TRAIN:352 , 調教:泡踊り
TRAIN:353 , 調教:泡踊りする
TRAIN:354 , 調教:たわし洗い
TRAIN:360 , 調教:蟲風呂
TRAIN:361 , 調教:鰻風呂
TRAIN:362 , 調教:ローション風呂
TRAIN:363 , 調教:スライム風呂
TRAIN:364 , 調教:媚薬風呂
TRAIN:365 , 調教:水牢
TRAIN:366 , 調教:精液風呂
TRAIN:367 , 調教:酒風呂
TRAIN:368 , 調教:トロロ風呂
TRAIN:369 , 調教:毛玉風呂
TRAIN:370 , 調教:蒸し風呂
TRAIN:371 , 調教:国士無双の薬風呂
TRAIN:372 , 調教:厄毒風呂
TRAIN:373 , 調教:岩盤浴
TRAIN:380 , 調教:バター犬プレイ
TRAIN:381 , 調教:犬に犯させる
TRAIN:382 , 調教:犬を犯させる
TRAIN:383 , 調教:豚に犯させる
TRAIN:384 , 調教:豚を犯させる
TRAIN:385 , 調教:馬のをフェラさせる
TRAIN:386 , 調教:馬に犯させる
TRAIN:400 , 調教:吸血
TRAIN:401 , 調教:暗闇
TRAIN:402 , 調教:尻子玉抜き
TRAIN:403 , 調教:焼芋責め
TRAIN:404 , 調教:巨峰責め
TRAIN:405 , 調教:石勺柏責め
TRAIN:406 , 調教:荊で緊縛
TRAIN:407 , 調教:荊の鞭
TRAIN:408 , 調教:蜘蛛の糸
TRAIN:409 , 調教:独楽回し
TRAIN:410 , 調教:蜘蛛脚愛撫
TRAIN:411 , 調教:人形愛撫
TRAIN:412 , 調教:操りの糸
TRAIN:413 , 調教:豆炙り
TRAIN:414 , 調教:乳豆炙り
TRAIN:415 , 調教:読心
TRAIN:416 , 調教:思姦
TRAIN:417 , 調教:筆責め
TRAIN:418 , 調教:時間停止
TRAIN:419 , 調教:狂気の目
TRAIN:420 , 調教:鈴蘭の毒
TRAIN:421 , 調教:昆虫採集セットの薬
TRAIN:424 , 調教:わかめ酒
TRAIN:425 , 調教:かりちゅまがーど
TRAIN:427 , 調教:陰毛炙り
TRAIN:430 , 調教:御所車
TRAIN:431 , 調教:フォーオブアカインド
TRAIN:432 , 調教:氷柱責め
TRAIN:433 , 調教:アナル卒塔婆
TRAIN:434 , 調教:角愛撫
TRAIN:435 , 調教:角挿入
TRAIN:436 , 調教:角アナル挿入
TRAIN:437 , 調教:ヴァギナ要石
TRAIN:438 , 調教:アナル要石
TRAIN:439 , 調教:両穴要石
TRAIN:440 , 調教:半霊を犯す
TRAIN:441 , 調教:半霊を挿入(前)
TRAIN:442 , 調教:半霊を挿入(後)
TRAIN:443 , 調教:幽明の苦輪
TRAIN:444 , 調教:半霊再構成
TRAIN:445 , 調教:薀蓄語り
TRAIN:446 , 調教:説教を受ける
TRAIN:447 , 調教:傘を愛撫する
TRAIN:448 , 調教:房中術
TRAIN:449 , 調教:フィーバー！
TRAIN:450 , 調教:ピッチャー二つ
TRAIN:451 , 調教:酔生夢死
TRAIN:500 , 調教:触手召喚
TRAIN:501 , 調教:触手挿入
TRAIN:502 , 調教:触手アナル挿入
TRAIN:503 , 調教:触手クリ責め
TRAIN:504 , 調教:触手乳首責め
TRAIN:505 , 調教:触手ペニス責め
TRAIN:506 , 調教:触手口辱
TRAIN:507 , 調教:触手緊縛
TRAIN:508 , 調教:触手鼻穴挿入
TRAIN:509 , 調教:触手メイデン
TRAIN:510 , 調教:触手寄生
TRAIN:511 , 調教:触手くすぐり
TRAIN:512 , 調教:触手秘貝開き
TRAIN:513 , 調教:触手パイズリ
TRAIN:514 , 調教:触手素股
TRAIN:515 , 調教:触手放電ペニス責め
TRAIN:520 , 調教:触手Ｇスポ責め
TRAIN:521 , 調教:触手子宮責め
TRAIN:522 , 調教:触手浣腸
TRAIN:524 , 調教:触手貫通
TRAIN:525 , 調教:触手搾乳
TRAIN:526 , 調教:触手乳腺挿入
TRAIN:527 , 調教:触手カテーテル
TRAIN:528 , 調教:触手採尿
TRAIN:529 , 調教:触手耳穴挿入
TRAIN:530 , 調教:触手ヴァギナ拡張
TRAIN:531 , 調教:触手アナル拡張
TRAIN:532 , 調教:触手両穴拡張
TRAIN:533 , 調教:触手産卵
TRAIN:534 , 調教:触手アナル産卵
TRAIN:540 , 調教:触手口内洗浄
TRAIN:541 , 調教:触手膣内洗浄
TRAIN:542 , 調教:触手腸内洗浄
TRAIN:543 , 調教:触手膀胱洗浄
TRAIN:544 , 調教:触手鼻腔洗浄
TRAIN:545 , 調教:触手耳穴洗浄
TRAIN:550 , 調教:触手催眠
TRAIN:551 , 調教:触手鞭打ち
TRAIN:552 , 調教:触手針責め
TRAIN:553 , 調教:触手放電
TRAIN:554 , 調教:触手吸血
TRAIN:560 , 調教:触手強制回復
TRAIN:561 , 調教:触手排卵誘発
TRAIN:562 , 調教:触手避妊膜塗布
TRAIN:563 , 調教:触手発毛剤
TRAIN:564 , 調教:触手脱毛剤
TRAIN:580 , 調教:触手読心責め
TRAIN:581 , 調教:触手潮干狩り
TRAIN:582 , 調教:触手幽霊膣鏡
TRAIN:583 , 調教:触手強制飲酒
TRAIN:584 , 調教:触手精神制御
TRAIN:585 , 調教:触手厄落とし
TRAIN:586 , 調教:触手腸内撮影
TRAIN:587 , 調教:触手言葉責め
TRAIN:588 , 調教:触手鈴蘭媚薬
TRAIN:589 , 調教:触手官能図書
TRAIN:590 , 調教:触手妖精按摩
TRAIN:591 , 調教:触手氷精手淫
TRAIN:592 , 調教:触手淫脈探査
TRAIN:593 , 調教:触手最終審判

;◆eramakerViewによる拡張項目
;●基礎パラへ変換
BASE:0 , 基礎パラ:体力
BASE:1 , 基礎パラ:気力
BASE:2 , 基礎パラ:射精
BASE:3 , 基礎パラ:母乳
BASE:4 , 基礎パラ:尿意
BASE:5 , 基礎パラ:陰毛
BASE:6 , 基礎パラ:触手
BASE:7 , 基礎パラ:陰核
BASE:8 , 基礎パラ:酔い
BASE:10 , 基礎パラ:身長
BASE:11 , 基礎パラ:体重
BASE:12 , 基礎パラ:バスト
BASE:13 , 基礎パラ:ウェスト
BASE:14 , 基礎パラ:ヒップ

;●基礎パラ:調教者へ変換
BASE:PLAYER:0 , 基礎パラ:調教者:体力
BASE:PLAYER:1 , 基礎パラ:調教者:気力
BASE:PLAYER:2 , 基礎パラ:調教者:射精
BASE:PLAYER:3 , 基礎パラ:調教者:母乳
BASE:PLAYER:4 , 基礎パラ:調教者:尿意
BASE:PLAYER:5 , 基礎パラ:調教者:陰毛
BASE:PLAYER:6 , 基礎パラ:調教者:触手
BASE:PLAYER:7 , 基礎パラ:調教者:陰核
BASE:PLAYER:8 , 基礎パラ:調教者:酔い
BASE:PLAYER:10 , 基礎パラ:調教者:身長
BASE:PLAYER:11 , 基礎パラ:調教者:体重
BASE:PLAYER:12 , 基礎パラ:調教者:バスト
BASE:PLAYER:13 , 基礎パラ:調教者:ウェスト
BASE:PLAYER:14 , 基礎パラ:調教者:ヒップ

;●基礎パラ:主人へ変換
BASE:MASTER:0 , 基礎パラ:主人:体力
BASE:MASTER:1 , 基礎パラ:主人:気力
BASE:MASTER:2 , 基礎パラ:主人:射精
BASE:MASTER:3 , 基礎パラ:主人:母乳
BASE:MASTER:4 , 基礎パラ:主人:尿意
BASE:MASTER:5 , 基礎パラ:主人:陰毛
BASE:MASTER:6 , 基礎パラ:主人:触手
BASE:MASTER:7 , 基礎パラ:主人:陰核
BASE:MASTER:8 , 基礎パラ:主人:酔い
BASE:MASTER:10 , 基礎パラ:主人:身長
BASE:MASTER:11 , 基礎パラ:主人:体重
BASE:MASTER:12 , 基礎パラ:主人:バスト
BASE:MASTER:13 , 基礎パラ:主人:ウェスト
BASE:MASTER:14 , 基礎パラ:主人:ヒップ

;●基礎パラ:助手へ変換
BASE:ASSI:0 , 基礎パラ:助手:体力
BASE:ASSI:1 , 基礎パラ:助手:気力
BASE:ASSI:2 , 基礎パラ:助手:射精
BASE:ASSI:3 , 基礎パラ:助手:母乳
BASE:ASSI:4 , 基礎パラ:助手:尿意
BASE:ASSI:5 , 基礎パラ:助手:陰毛
BASE:ASSI:6 , 基礎パラ:助手:触手
BASE:ASSI:7 , 基礎パラ:助手:陰核
BASE:ASSI:8 , 基礎パラ:助手:酔い
BASE:ASSI:10 , 基礎パラ:助手:身長
BASE:ASSI:11 , 基礎パラ:助手:体重
BASE:ASSI:12 , 基礎パラ:助手:バスト
BASE:ASSI:13 , 基礎パラ:助手:ウェスト
BASE:ASSI:14 , 基礎パラ:助手:ヒップ

;●基礎パラ:奴隷へ変換
BASE:TARGET:0 , 基礎パラ:奴隷:体力
BASE:TARGET:1 , 基礎パラ:奴隷:気力
BASE:TARGET:2 , 基礎パラ:奴隷:射精
BASE:TARGET:3 , 基礎パラ:奴隷:母乳
BASE:TARGET:4 , 基礎パラ:奴隷:尿意
BASE:TARGET:5 , 基礎パラ:奴隷:陰毛
BASE:TARGET:6 , 基礎パラ:奴隷:触手
BASE:TARGET:7 , 基礎パラ:奴隷:陰核
BASE:TARGET:8 , 基礎パラ:奴隷:酔い
BASE:TARGET:10 , 基礎パラ:奴隷:身長
BASE:TARGET:11 , 基礎パラ:奴隷:体重
BASE:TARGET:12 , 基礎パラ:奴隷:バスト
BASE:TARGET:13 , 基礎パラ:奴隷:ウェスト
BASE:TARGET:14 , 基礎パラ:奴隷:ヒップ

;●素質名称へ変換
TALENTNAME:0 , 素質名称:処女
TALENTNAME:1 , 素質名称:肥大陰核
TALENTNAME:10 , 素質名称:臆病
TALENTNAME:11 , 素質名称:反抗的
TALENTNAME:12 , 素質名称:気丈
TALENTNAME:13 , 素質名称:素直
TALENTNAME:14 , 素質名称:大人しい
TALENTNAME:15 , 素質名称:生意気
TALENTNAME:16 , 素質名称:プライド高い
TALENTNAME:17 , 素質名称:プライド低い
TALENTNAME:18 , 素質名称:ツンデレ
TALENTNAME:19 , 素質名称:嫉妬しやすい
TALENTNAME:20 , 素質名称:自制心
TALENTNAME:21 , 素質名称:無関心
TALENTNAME:22 , 素質名称:感情乏しい
TALENTNAME:23 , 素質名称:好奇心
TALENTNAME:24 , 素質名称:保守的
TALENTNAME:25 , 素質名称:楽観的
TALENTNAME:26 , 素質名称:悲観的
TALENTNAME:27 , 素質名称:一線越えない
TALENTNAME:28 , 素質名称:目立ちたがり
TALENTNAME:30 , 素質名称:貞操観念
TALENTNAME:31 , 素質名称:貞操無頓着
TALENTNAME:32 , 素質名称:抑圧
TALENTNAME:33 , 素質名称:解放
TALENTNAME:34 , 素質名称:抵抗
TALENTNAME:35 , 素質名称:恥じらい
TALENTNAME:36 , 素質名称:恥薄い
TALENTNAME:37 , 素質名称:男嫌い
TALENTNAME:38 , 素質名称:女嫌い
TALENTNAME:39 , 素質名称:弱味
TALENTNAME:40 , 素質名称:痛みに弱い
TALENTNAME:41 , 素質名称:痛みに強い
TALENTNAME:42 , 素質名称:濡れやすい
TALENTNAME:43 , 素質名称:濡れにくい
TALENTNAME:44 , 素質名称:薬毒耐性
TALENTNAME:45 , 素質名称:おもらし癖
TALENTNAME:46 , 素質名称:媚薬中毒
TALENTNAME:47 , 素質名称:喘息
TALENTNAME:48 , 素質名称:呪精
TALENTNAME:49 , 素質名称:蓬莱人
TALENTNAME:50 , 素質名称:習得早い
TALENTNAME:51 , 素質名称:習得遅い
TALENTNAME:52 , 素質名称:舌使い
TALENTNAME:53 , 素質名称:針さばき
TALENTNAME:54 , 素質名称:猫舌
TALENTNAME:55 , 素質名称:調合知識
TALENTNAME:56 , 素質名称:禁断の知識
TALENTNAME:57 , 素質名称:妖精知識
TALENTNAME:58 , 素質名称:淫具知識
TALENTNAME:59 , 素質名称:治療
TALENTNAME:60 , 素質名称:自慰しやすい
TALENTNAME:61 , 素質名称:汚臭鈍感
TALENTNAME:62 , 素質名称:汚臭敏感
TALENTNAME:63 , 素質名称:献身的
TALENTNAME:64 , 素質名称:汚れ無視
TALENTNAME:65 , 素質名称:パイパン
TALENTNAME:66 , 素質名称:精愛味覚
TALENTNAME:70 , 素質名称:快感に素直
TALENTNAME:71 , 素質名称:快感の否定
TALENTNAME:80 , 素質名称:倒錯的
TALENTNAME:81 , 素質名称:サド
TALENTNAME:82 , 素質名称:マゾ
TALENTNAME:83 , 素質名称:両刀
TALENTNAME:84 , 素質名称:中毒しやすい
TALENTNAME:90 , 素質名称:魅力
TALENTNAME:91 , 素質名称:魅惑
TALENTNAME:92 , 素質名称:謎の魅力
TALENTNAME:93 , 素質名称:小悪魔
TALENTNAME:94 , 素質名称:人気
TALENTNAME:95 , 素質名称:鼓舞
TALENTNAME:96 , 素質名称:大乳導
TALENTNAME:97 , 素質名称:つるぺた堕し
TALENTNAME:98 , 素質名称:大甲斐性
TALENTNAME:100 , 素質名称:Ｃ敏感
TALENTNAME:101 , 素質名称:Ｃ鈍感
TALENTNAME:102 , 素質名称:Ｖ敏感
TALENTNAME:103 , 素質名称:Ｖ鈍感
TALENTNAME:104 , 素質名称:Ａ敏感
TALENTNAME:105 , 素質名称:Ａ鈍感
TALENTNAME:106 , 素質名称:Ｂ敏感
TALENTNAME:107 , 素質名称:Ｂ鈍感
TALENTNAME:110 , 素質名称:絶壁
TALENTNAME:111 , 素質名称:貧乳
TALENTNAME:112 , 素質名称:巨乳
TALENTNAME:113 , 素質名称:爆乳
TALENTNAME:114 , 素質名称:日光浴
TALENTNAME:115 , 素質名称:月光浴
TALENTNAME:116 , 素質名称:動物耳
TALENTNAME:120 , 素質名称:オトコ
TALENTNAME:121 , 素質名称:ふたなり
TALENTNAME:122 , 素質名称:不思議な根
TALENTNAME:123 , 素質名称:具現
TALENTNAME:124 , 素質名称:顕在化
TALENTNAME:125 , 素質名称:狂気の目
TALENTNAME:126 , 素質名称:教育者
TALENTNAME:127 , 素質名称:小人体型
TALENTNAME:128 , 素質名称:小柄体型
TALENTNAME:129 , 素質名称:巨躯
TALENTNAME:130 , 素質名称:幼児
TALENTNAME:131 , 素質名称:幼稚
TALENTNAME:132 , 素質名称:早漏
TALENTNAME:133 , 素質名称:遅漏
TALENTNAME:134 , 素質名称:母乳体質
TALENTNAME:135 , 素質名称:卵生
TALENTNAME:136 , 素質名称:産卵体質
TALENTNAME:137 , 素質名称:回復早い
TALENTNAME:138 , 素質名称:回復遅い
TALENTNAME:139 , 素質名称:変幻自在
TALENTNAME:140 , 素質名称:妊娠
TALENTNAME:141 , 素質名称:育児中
TALENTNAME:142 , 素質名称:母性
TALENTNAME:143 , 素質名称:抱卵中
TALENTNAME:145 , 素質名称:懐卵
TALENTNAME:146 , 素質名称:寄生
TALENTNAME:149 , 素質名称:触手使役術
TALENTNAME:150 , 素質名称:恋慕
TALENTNAME:151 , 素質名称:妄信
TALENTNAME:152 , 素質名称:親愛
TALENTNAME:153 , 素質名称:相愛
TALENTNAME:157 , 素質名称:嫉妬
TALENTNAME:158 , 素質名称:狂気
TALENTNAME:159 , 素質名称:幼児退行
TALENTNAME:160 , 素質名称:服従
TALENTNAME:161 , 素質名称:烙印
TALENTNAME:162 , 素質名称:隷属
TALENTNAME:163 , 素質名称:傷物
TALENTNAME:164 , 素質名称:使い魔
TALENTNAME:167 , 素質名称:精神崩壊
TALENTNAME:168 , 素質名称:傀儡
TALENTNAME:169 , 素質名称:壊造人格
TALENTNAME:170 , 素質名称:淫乱
TALENTNAME:171 , 素質名称:淫核／淫茎
TALENTNAME:172 , 素質名称:淫壷
TALENTNAME:173 , 素質名称:淫尻
TALENTNAME:174 , 素質名称:淫乳
TALENTNAME:175 , 素質名称:尿道狂
TALENTNAME:176 , 素質名称:キス魔
TALENTNAME:177 , 素質名称:ドＳ
TALENTNAME:178 , 素質名称:ドＭ
TALENTNAME:179 , 素質名称:即落ち
TALENTNAME:180 , 素質名称:淫魔
TALENTNAME:190 , 素質名称:音痴
TALENTNAME:191 , 素質名称:音感
TALENTNAME:192 , 素質名称:料理苦手
TALENTNAME:193 , 素質名称:料理得意
TALENTNAME:194 , 素質名称:調理名人
TALENTNAME:195 , 素質名称:工作名人
TALENTNAME:196 , 素質名称:報道者
TALENTNAME:197 , 素質名称:魔術技能
TALENTNAME:198 , 素質名称:超常目算
TALENTNAME:200 , 素質名称:妖精
TALENTNAME:205 , 素質名称:吸血鬼
TALENTNAME:206 , 素質名称:機械
TALENTNAME:207 , 素質名称:霊体
TALENTNAME:208 , 素質名称:人形
TALENTNAME:209 , 素質名称:悪魔
TALENTNAME:210 , 素質名称:河童
TALENTNAME:211 , 素質名称:妖狐
TALENTNAME:212 , 素質名称:半白澤
TALENTNAME:213 , 素質名称:覚
TALENTNAME:214 , 素質名称:鬼
TALENTNAME:215 , 素質名称:天狗
TALENTNAME:216 , 素質名称:求聞持
TALENTNAME:217 , 素質名称:鵺
TALENTNAME:218 , 素質名称:博麗の巫女
TALENTNAME:219 , 素質名称:風祝
TALENTNAME:260 , 素質名称:娼婦
TALENTNAME:261 , 素質名称:求愛依存
TALENTNAME:262 , 素質名称:売春中毒
TALENTNAME:263 , 素質名称:春の人
TALENTNAME:264 , 素質名称:看板娘
TALENTNAME:265 , 素質名称:常連客
TALENTNAME:266 , 素質名称:傾倒
TALENTNAME:830 , 素質名称:拒絶
TALENTNAME:831 , 素質名称:野菜の錬金術師
TALENTNAME:998 , 素質名称:Debug

;●素質:調教者へ変換
TALENT:PLAYER:0 , 素質:調教者:処女
TALENT:PLAYER:1 , 素質:調教者:肥大陰核
TALENT:PLAYER:10 , 素質:調教者:臆病
TALENT:PLAYER:11 , 素質:調教者:反抗的
TALENT:PLAYER:12 , 素質:調教者:気丈
TALENT:PLAYER:13 , 素質:調教者:素直
TALENT:PLAYER:14 , 素質:調教者:大人しい
TALENT:PLAYER:15 , 素質:調教者:生意気
TALENT:PLAYER:16 , 素質:調教者:プライド高い
TALENT:PLAYER:17 , 素質:調教者:プライド低い
TALENT:PLAYER:18 , 素質:調教者:ツンデレ
TALENT:PLAYER:19 , 素質:調教者:嫉妬しやすい
TALENT:PLAYER:20 , 素質:調教者:自制心
TALENT:PLAYER:21 , 素質:調教者:無関心
TALENT:PLAYER:22 , 素質:調教者:感情乏しい
TALENT:PLAYER:23 , 素質:調教者:好奇心
TALENT:PLAYER:24 , 素質:調教者:保守的
TALENT:PLAYER:25 , 素質:調教者:楽観的
TALENT:PLAYER:26 , 素質:調教者:悲観的
TALENT:PLAYER:27 , 素質:調教者:一線越えない
TALENT:PLAYER:28 , 素質:調教者:目立ちたがり
TALENT:PLAYER:30 , 素質:調教者:貞操観念
TALENT:PLAYER:31 , 素質:調教者:貞操無頓着
TALENT:PLAYER:32 , 素質:調教者:抑圧
TALENT:PLAYER:33 , 素質:調教者:解放
TALENT:PLAYER:34 , 素質:調教者:抵抗
TALENT:PLAYER:35 , 素質:調教者:恥じらい
TALENT:PLAYER:36 , 素質:調教者:恥薄い
TALENT:PLAYER:37 , 素質:調教者:男嫌い
TALENT:PLAYER:38 , 素質:調教者:女嫌い
TALENT:PLAYER:39 , 素質:調教者:弱味
TALENT:PLAYER:40 , 素質:調教者:痛みに弱い
TALENT:PLAYER:41 , 素質:調教者:痛みに強い
TALENT:PLAYER:42 , 素質:調教者:濡れやすい
TALENT:PLAYER:43 , 素質:調教者:濡れにくい
TALENT:PLAYER:44 , 素質:調教者:薬毒耐性
TALENT:PLAYER:45 , 素質:調教者:おもらし癖
TALENT:PLAYER:46 , 素質:調教者:媚薬中毒
TALENT:PLAYER:47 , 素質:調教者:喘息
TALENT:PLAYER:48 , 素質:調教者:呪精
TALENT:PLAYER:49 , 素質:調教者:蓬莱人
TALENT:PLAYER:50 , 素質:調教者:習得早い
TALENT:PLAYER:51 , 素質:調教者:習得遅い
TALENT:PLAYER:52 , 素質:調教者:舌使い
TALENT:PLAYER:53 , 素質:調教者:針さばき
TALENT:PLAYER:54 , 素質:調教者:猫舌
TALENT:PLAYER:55 , 素質:調教者:調合知識
TALENT:PLAYER:56 , 素質:調教者:禁断の知識
TALENT:PLAYER:57 , 素質:調教者:妖精知識
TALENT:PLAYER:58 , 素質:調教者:淫具知識
TALENT:PLAYER:59 , 素質:調教者:治療
TALENT:PLAYER:60 , 素質:調教者:自慰しやすい
TALENT:PLAYER:61 , 素質:調教者:汚臭鈍感
TALENT:PLAYER:62 , 素質:調教者:汚臭敏感
TALENT:PLAYER:63 , 素質:調教者:献身的
TALENT:PLAYER:64 , 素質:調教者:汚れ無視
TALENT:PLAYER:65 , 素質:調教者:パイパン
TALENT:PLAYER:66 , 素質:調教者:精愛味覚
TALENT:PLAYER:70 , 素質:調教者:快感に素直
TALENT:PLAYER:71 , 素質:調教者:快感の否定
TALENT:PLAYER:80 , 素質:調教者:倒錯的
TALENT:PLAYER:81 , 素質:調教者:サド
TALENT:PLAYER:82 , 素質:調教者:マゾ
TALENT:PLAYER:83 , 素質:調教者:両刀
TALENT:PLAYER:84 , 素質:調教者:中毒しやすい
TALENT:PLAYER:90 , 素質:調教者:魅力
TALENT:PLAYER:91 , 素質:調教者:魅惑
TALENT:PLAYER:92 , 素質:調教者:謎の魅力
TALENT:PLAYER:93 , 素質:調教者:小悪魔
TALENT:PLAYER:94 , 素質:調教者:人気
TALENT:PLAYER:95 , 素質:調教者:鼓舞
TALENT:PLAYER:96 , 素質:調教者:大乳導
TALENT:PLAYER:97 , 素質:調教者:つるぺた堕し
TALENT:PLAYER:98 , 素質:調教者:大甲斐性
TALENT:PLAYER:100 , 素質:調教者:Ｃ敏感
TALENT:PLAYER:101 , 素質:調教者:Ｃ鈍感
TALENT:PLAYER:102 , 素質:調教者:Ｖ敏感
TALENT:PLAYER:103 , 素質:調教者:Ｖ鈍感
TALENT:PLAYER:104 , 素質:調教者:Ａ敏感
TALENT:PLAYER:105 , 素質:調教者:Ａ鈍感
TALENT:PLAYER:106 , 素質:調教者:Ｂ敏感
TALENT:PLAYER:107 , 素質:調教者:Ｂ鈍感
TALENT:PLAYER:110 , 素質:調教者:絶壁
TALENT:PLAYER:111 , 素質:調教者:貧乳
TALENT:PLAYER:112 , 素質:調教者:巨乳
TALENT:PLAYER:113 , 素質:調教者:爆乳
TALENT:PLAYER:114 , 素質:調教者:日光浴
TALENT:PLAYER:115 , 素質:調教者:月光浴
TALENT:PLAYER:116 , 素質:調教者:動物耳
TALENT:PLAYER:120 , 素質:調教者:オトコ
TALENT:PLAYER:121 , 素質:調教者:ふたなり
TALENT:PLAYER:122 , 素質:調教者:不思議な根
TALENT:PLAYER:123 , 素質:調教者:具現
TALENT:PLAYER:124 , 素質:調教者:顕在化
TALENT:PLAYER:125 , 素質:調教者:狂気の目
TALENT:PLAYER:126 , 素質:調教者:教育者
TALENT:PLAYER:127 , 素質:調教者:小人体型
TALENT:PLAYER:128 , 素質:調教者:小柄体型
TALENT:PLAYER:129 , 素質:調教者:巨躯
TALENT:PLAYER:130 , 素質:調教者:幼児
TALENT:PLAYER:131 , 素質:調教者:幼稚
TALENT:PLAYER:132 , 素質:調教者:早漏
TALENT:PLAYER:133 , 素質:調教者:遅漏
TALENT:PLAYER:134 , 素質:調教者:母乳体質
TALENT:PLAYER:135 , 素質:調教者:卵生
TALENT:PLAYER:136 , 素質:調教者:産卵体質
TALENT:PLAYER:137 , 素質:調教者:回復早い
TALENT:PLAYER:138 , 素質:調教者:回復遅い
TALENT:PLAYER:139 , 素質:調教者:変幻自在
TALENT:PLAYER:140 , 素質:調教者:妊娠
TALENT:PLAYER:141 , 素質:調教者:育児中
TALENT:PLAYER:142 , 素質:調教者:母性
TALENT:PLAYER:143 , 素質:調教者:抱卵中
TALENT:PLAYER:145 , 素質:調教者:懐卵
TALENT:PLAYER:146 , 素質:調教者:寄生
TALENT:PLAYER:149 , 素質:調教者:触手使役術
TALENT:PLAYER:150 , 素質:調教者:恋慕
TALENT:PLAYER:151 , 素質:調教者:妄信
TALENT:PLAYER:152 , 素質:調教者:親愛
TALENT:PLAYER:153 , 素質:調教者:相愛
TALENT:PLAYER:157 , 素質:調教者:嫉妬
TALENT:PLAYER:158 , 素質:調教者:狂気
TALENT:PLAYER:159 , 素質:調教者:幼児退行
TALENT:PLAYER:160 , 素質:調教者:服従
TALENT:PLAYER:161 , 素質:調教者:烙印
TALENT:PLAYER:162 , 素質:調教者:隷属
TALENT:PLAYER:163 , 素質:調教者:傷物
TALENT:PLAYER:164 , 素質:調教者:使い魔
TALENT:PLAYER:167 , 素質:調教者:精神崩壊
TALENT:PLAYER:168 , 素質:調教者:傀儡
TALENT:PLAYER:169 , 素質:調教者:壊造人格
TALENT:PLAYER:170 , 素質:調教者:淫乱
TALENT:PLAYER:171 , 素質:調教者:淫核／淫茎
TALENT:PLAYER:172 , 素質:調教者:淫壷
TALENT:PLAYER:173 , 素質:調教者:淫尻
TALENT:PLAYER:174 , 素質:調教者:淫乳
TALENT:PLAYER:175 , 素質:調教者:尿道狂
TALENT:PLAYER:176 , 素質:調教者:キス魔
TALENT:PLAYER:177 , 素質:調教者:ドＳ
TALENT:PLAYER:178 , 素質:調教者:ドＭ
TALENT:PLAYER:179 , 素質:調教者:即落ち
TALENT:PLAYER:180 , 素質:調教者:淫魔
TALENT:PLAYER:190 , 素質:調教者:音痴
TALENT:PLAYER:191 , 素質:調教者:音感
TALENT:PLAYER:192 , 素質:調教者:料理苦手
TALENT:PLAYER:193 , 素質:調教者:料理得意
TALENT:PLAYER:194 , 素質:調教者:調理名人
TALENT:PLAYER:195 , 素質:調教者:工作名人
TALENT:PLAYER:196 , 素質:調教者:報道者
TALENT:PLAYER:197 , 素質:調教者:魔術技能
TALENT:PLAYER:198 , 素質:調教者:超常目算
TALENT:PLAYER:200 , 素質:調教者:妖精
TALENT:PLAYER:205 , 素質:調教者:吸血鬼
TALENT:PLAYER:206 , 素質:調教者:機械
TALENT:PLAYER:207 , 素質:調教者:霊体
TALENT:PLAYER:208 , 素質:調教者:人形
TALENT:PLAYER:209 , 素質:調教者:悪魔
TALENT:PLAYER:210 , 素質:調教者:河童
TALENT:PLAYER:211 , 素質:調教者:妖狐
TALENT:PLAYER:212 , 素質:調教者:半白澤
TALENT:PLAYER:213 , 素質:調教者:覚
TALENT:PLAYER:214 , 素質:調教者:鬼
TALENT:PLAYER:215 , 素質:調教者:天狗
TALENT:PLAYER:216 , 素質:調教者:求聞持
TALENT:PLAYER:217 , 素質:調教者:鵺
TALENT:PLAYER:218 , 素質:調教者:博麗の巫女
TALENT:PLAYER:219 , 素質:調教者:風祝
TALENT:PLAYER:260 , 素質:調教者:娼婦
TALENT:PLAYER:261 , 素質:調教者:求愛依存
TALENT:PLAYER:262 , 素質:調教者:売春中毒
TALENT:PLAYER:263 , 素質:調教者:春の人
TALENT:PLAYER:264 , 素質:調教者:看板娘
TALENT:PLAYER:265 , 素質:調教者:常連客
TALENT:PLAYER:266 , 素質:調教者:傾倒
TALENT:PLAYER:830 , 素質:調教者:拒絶
TALENT:PLAYER:831 , 素質:調教者:野菜の錬金術師
TALENT:PLAYER:998 , 素質:調教者:Debug

;●素質:主人へ変換
TALENT:MASTER:0 , 素質:主人:処女
TALENT:MASTER:1 , 素質:主人:肥大陰核
TALENT:MASTER:10 , 素質:主人:臆病
TALENT:MASTER:11 , 素質:主人:反抗的
TALENT:MASTER:12 , 素質:主人:気丈
TALENT:MASTER:13 , 素質:主人:素直
TALENT:MASTER:14 , 素質:主人:大人しい
TALENT:MASTER:15 , 素質:主人:生意気
TALENT:MASTER:16 , 素質:主人:プライド高い
TALENT:MASTER:17 , 素質:主人:プライド低い
TALENT:MASTER:18 , 素質:主人:ツンデレ
TALENT:MASTER:19 , 素質:主人:嫉妬しやすい
TALENT:MASTER:20 , 素質:主人:自制心
TALENT:MASTER:21 , 素質:主人:無関心
TALENT:MASTER:22 , 素質:主人:感情乏しい
TALENT:MASTER:23 , 素質:主人:好奇心
TALENT:MASTER:24 , 素質:主人:保守的
TALENT:MASTER:25 , 素質:主人:楽観的
TALENT:MASTER:26 , 素質:主人:悲観的
TALENT:MASTER:27 , 素質:主人:一線越えない
TALENT:MASTER:28 , 素質:主人:目立ちたがり
TALENT:MASTER:30 , 素質:主人:貞操観念
TALENT:MASTER:31 , 素質:主人:貞操無頓着
TALENT:MASTER:32 , 素質:主人:抑圧
TALENT:MASTER:33 , 素質:主人:解放
TALENT:MASTER:34 , 素質:主人:抵抗
TALENT:MASTER:35 , 素質:主人:恥じらい
TALENT:MASTER:36 , 素質:主人:恥薄い
TALENT:MASTER:37 , 素質:主人:男嫌い
TALENT:MASTER:38 , 素質:主人:女嫌い
TALENT:MASTER:39 , 素質:主人:弱味
TALENT:MASTER:40 , 素質:主人:痛みに弱い
TALENT:MASTER:41 , 素質:主人:痛みに強い
TALENT:MASTER:42 , 素質:主人:濡れやすい
TALENT:MASTER:43 , 素質:主人:濡れにくい
TALENT:MASTER:44 , 素質:主人:薬毒耐性
TALENT:MASTER:45 , 素質:主人:おもらし癖
TALENT:MASTER:46 , 素質:主人:媚薬中毒
TALENT:MASTER:47 , 素質:主人:喘息
TALENT:MASTER:48 , 素質:主人:呪精
TALENT:MASTER:49 , 素質:主人:蓬莱人
TALENT:MASTER:50 , 素質:主人:習得早い
TALENT:MASTER:51 , 素質:主人:習得遅い
TALENT:MASTER:52 , 素質:主人:舌使い
TALENT:MASTER:53 , 素質:主人:針さばき
TALENT:MASTER:54 , 素質:主人:猫舌
TALENT:MASTER:55 , 素質:主人:調合知識
TALENT:MASTER:56 , 素質:主人:禁断の知識
TALENT:MASTER:57 , 素質:主人:妖精知識
TALENT:MASTER:58 , 素質:主人:淫具知識
TALENT:MASTER:59 , 素質:主人:治療
TALENT:MASTER:60 , 素質:主人:自慰しやすい
TALENT:MASTER:61 , 素質:主人:汚臭鈍感
TALENT:MASTER:62 , 素質:主人:汚臭敏感
TALENT:MASTER:63 , 素質:主人:献身的
TALENT:MASTER:64 , 素質:主人:汚れ無視
TALENT:MASTER:65 , 素質:主人:パイパン
TALENT:MASTER:66 , 素質:主人:精愛味覚
TALENT:MASTER:70 , 素質:主人:快感に素直
TALENT:MASTER:71 , 素質:主人:快感の否定
TALENT:MASTER:80 , 素質:主人:倒錯的
TALENT:MASTER:81 , 素質:主人:サド
TALENT:MASTER:82 , 素質:主人:マゾ
TALENT:MASTER:83 , 素質:主人:両刀
TALENT:MASTER:84 , 素質:主人:中毒しやすい
TALENT:MASTER:90 , 素質:主人:魅力
TALENT:MASTER:91 , 素質:主人:魅惑
TALENT:MASTER:92 , 素質:主人:謎の魅力
TALENT:MASTER:93 , 素質:主人:小悪魔
TALENT:MASTER:94 , 素質:主人:人気
TALENT:MASTER:95 , 素質:主人:鼓舞
TALENT:MASTER:96 , 素質:主人:大乳導
TALENT:MASTER:97 , 素質:主人:つるぺた堕し
TALENT:MASTER:98 , 素質:主人:大甲斐性
TALENT:MASTER:100 , 素質:主人:Ｃ敏感
TALENT:MASTER:101 , 素質:主人:Ｃ鈍感
TALENT:MASTER:102 , 素質:主人:Ｖ敏感
TALENT:MASTER:103 , 素質:主人:Ｖ鈍感
TALENT:MASTER:104 , 素質:主人:Ａ敏感
TALENT:MASTER:105 , 素質:主人:Ａ鈍感
TALENT:MASTER:106 , 素質:主人:Ｂ敏感
TALENT:MASTER:107 , 素質:主人:Ｂ鈍感
TALENT:MASTER:110 , 素質:主人:絶壁
TALENT:MASTER:111 , 素質:主人:貧乳
TALENT:MASTER:112 , 素質:主人:巨乳
TALENT:MASTER:113 , 素質:主人:爆乳
TALENT:MASTER:114 , 素質:主人:日光浴
TALENT:MASTER:115 , 素質:主人:月光浴
TALENT:MASTER:116 , 素質:主人:動物耳
TALENT:MASTER:120 , 素質:主人:オトコ
TALENT:MASTER:121 , 素質:主人:ふたなり
TALENT:MASTER:122 , 素質:主人:不思議な根
TALENT:MASTER:123 , 素質:主人:具現
TALENT:MASTER:124 , 素質:主人:顕在化
TALENT:MASTER:125 , 素質:主人:狂気の目
TALENT:MASTER:126 , 素質:主人:教育者
TALENT:MASTER:127 , 素質:主人:小人体型
TALENT:MASTER:128 , 素質:主人:小柄体型
TALENT:MASTER:129 , 素質:主人:巨躯
TALENT:MASTER:130 , 素質:主人:幼児
TALENT:MASTER:131 , 素質:主人:幼稚
TALENT:MASTER:132 , 素質:主人:早漏
TALENT:MASTER:133 , 素質:主人:遅漏
TALENT:MASTER:134 , 素質:主人:母乳体質
TALENT:MASTER:135 , 素質:主人:卵生
TALENT:MASTER:136 , 素質:主人:産卵体質
TALENT:MASTER:137 , 素質:主人:回復早い
TALENT:MASTER:138 , 素質:主人:回復遅い
TALENT:MASTER:139 , 素質:主人:変幻自在
TALENT:MASTER:140 , 素質:主人:妊娠
TALENT:MASTER:141 , 素質:主人:育児中
TALENT:MASTER:142 , 素質:主人:母性
TALENT:MASTER:143 , 素質:主人:抱卵中
TALENT:MASTER:145 , 素質:主人:懐卵
TALENT:MASTER:146 , 素質:主人:寄生
TALENT:MASTER:149 , 素質:主人:触手使役術
TALENT:MASTER:150 , 素質:主人:恋慕
TALENT:MASTER:151 , 素質:主人:妄信
TALENT:MASTER:152 , 素質:主人:親愛
TALENT:MASTER:153 , 素質:主人:相愛
TALENT:MASTER:157 , 素質:主人:嫉妬
TALENT:MASTER:158 , 素質:主人:狂気
TALENT:MASTER:159 , 素質:主人:幼児退行
TALENT:MASTER:160 , 素質:主人:服従
TALENT:MASTER:161 , 素質:主人:烙印
TALENT:MASTER:162 , 素質:主人:隷属
TALENT:MASTER:163 , 素質:主人:傷物
TALENT:MASTER:164 , 素質:主人:使い魔
TALENT:MASTER:167 , 素質:主人:精神崩壊
TALENT:MASTER:168 , 素質:主人:傀儡
TALENT:MASTER:169 , 素質:主人:壊造人格
TALENT:MASTER:170 , 素質:主人:淫乱
TALENT:MASTER:171 , 素質:主人:淫核／淫茎
TALENT:MASTER:172 , 素質:主人:淫壷
TALENT:MASTER:173 , 素質:主人:淫尻
TALENT:MASTER:174 , 素質:主人:淫乳
TALENT:MASTER:175 , 素質:主人:尿道狂
TALENT:MASTER:176 , 素質:主人:キス魔
TALENT:MASTER:177 , 素質:主人:ドＳ
TALENT:MASTER:178 , 素質:主人:ドＭ
TALENT:MASTER:179 , 素質:主人:即落ち
TALENT:MASTER:180 , 素質:主人:淫魔
TALENT:MASTER:190 , 素質:主人:音痴
TALENT:MASTER:191 , 素質:主人:音感
TALENT:MASTER:192 , 素質:主人:料理苦手
TALENT:MASTER:193 , 素質:主人:料理得意
TALENT:MASTER:194 , 素質:主人:調理名人
TALENT:MASTER:195 , 素質:主人:工作名人
TALENT:MASTER:196 , 素質:主人:報道者
TALENT:MASTER:197 , 素質:主人:魔術技能
TALENT:MASTER:198 , 素質:主人:超常目算
TALENT:MASTER:200 , 素質:主人:妖精
TALENT:MASTER:205 , 素質:主人:吸血鬼
TALENT:MASTER:206 , 素質:主人:機械
TALENT:MASTER:207 , 素質:主人:霊体
TALENT:MASTER:208 , 素質:主人:人形
TALENT:MASTER:209 , 素質:主人:悪魔
TALENT:MASTER:210 , 素質:主人:河童
TALENT:MASTER:211 , 素質:主人:妖狐
TALENT:MASTER:212 , 素質:主人:半白澤
TALENT:MASTER:213 , 素質:主人:覚
TALENT:MASTER:214 , 素質:主人:鬼
TALENT:MASTER:215 , 素質:主人:天狗
TALENT:MASTER:216 , 素質:主人:求聞持
TALENT:MASTER:217 , 素質:主人:鵺
TALENT:MASTER:218 , 素質:主人:博麗の巫女
TALENT:MASTER:219 , 素質:主人:風祝
TALENT:MASTER:260 , 素質:主人:娼婦
TALENT:MASTER:261 , 素質:主人:求愛依存
TALENT:MASTER:262 , 素質:主人:売春中毒
TALENT:MASTER:263 , 素質:主人:春の人
TALENT:MASTER:264 , 素質:主人:看板娘
TALENT:MASTER:265 , 素質:主人:常連客
TALENT:MASTER:266 , 素質:主人:傾倒
TALENT:MASTER:830 , 素質:主人:拒絶
TALENT:MASTER:831 , 素質:主人:野菜の錬金術師
TALENT:MASTER:998 , 素質:主人:Debug

;●素質:助手へ変換
TALENT:ASSI:0 , 素質:助手:処女
TALENT:ASSI:1 , 素質:助手:肥大陰核
TALENT:ASSI:10 , 素質:助手:臆病
TALENT:ASSI:11 , 素質:助手:反抗的
TALENT:ASSI:12 , 素質:助手:気丈
TALENT:ASSI:13 , 素質:助手:素直
TALENT:ASSI:14 , 素質:助手:大人しい
TALENT:ASSI:15 , 素質:助手:生意気
TALENT:ASSI:16 , 素質:助手:プライド高い
TALENT:ASSI:17 , 素質:助手:プライド低い
TALENT:ASSI:18 , 素質:助手:ツンデレ
TALENT:ASSI:19 , 素質:助手:嫉妬しやすい
TALENT:ASSI:20 , 素質:助手:自制心
TALENT:ASSI:21 , 素質:助手:無関心
TALENT:ASSI:22 , 素質:助手:感情乏しい
TALENT:ASSI:23 , 素質:助手:好奇心
TALENT:ASSI:24 , 素質:助手:保守的
TALENT:ASSI:25 , 素質:助手:楽観的
TALENT:ASSI:26 , 素質:助手:悲観的
TALENT:ASSI:27 , 素質:助手:一線越えない
TALENT:ASSI:28 , 素質:助手:目立ちたがり
TALENT:ASSI:30 , 素質:助手:貞操観念
TALENT:ASSI:31 , 素質:助手:貞操無頓着
TALENT:ASSI:32 , 素質:助手:抑圧
TALENT:ASSI:33 , 素質:助手:解放
TALENT:ASSI:34 , 素質:助手:抵抗
TALENT:ASSI:35 , 素質:助手:恥じらい
TALENT:ASSI:36 , 素質:助手:恥薄い
TALENT:ASSI:37 , 素質:助手:男嫌い
TALENT:ASSI:38 , 素質:助手:女嫌い
TALENT:ASSI:39 , 素質:助手:弱味
TALENT:ASSI:40 , 素質:助手:痛みに弱い
TALENT:ASSI:41 , 素質:助手:痛みに強い
TALENT:ASSI:42 , 素質:助手:濡れやすい
TALENT:ASSI:43 , 素質:助手:濡れにくい
TALENT:ASSI:44 , 素質:助手:薬毒耐性
TALENT:ASSI:45 , 素質:助手:おもらし癖
TALENT:ASSI:46 , 素質:助手:媚薬中毒
TALENT:ASSI:47 , 素質:助手:喘息
TALENT:ASSI:48 , 素質:助手:呪精
TALENT:ASSI:49 , 素質:助手:蓬莱人
TALENT:ASSI:50 , 素質:助手:習得早い
TALENT:ASSI:51 , 素質:助手:習得遅い
TALENT:ASSI:52 , 素質:助手:舌使い
TALENT:ASSI:53 , 素質:助手:針さばき
TALENT:ASSI:54 , 素質:助手:猫舌
TALENT:ASSI:55 , 素質:助手:調合知識
TALENT:ASSI:56 , 素質:助手:禁断の知識
TALENT:ASSI:57 , 素質:助手:妖精知識
TALENT:ASSI:58 , 素質:助手:淫具知識
TALENT:ASSI:59 , 素質:助手:治療
TALENT:ASSI:60 , 素質:助手:自慰しやすい
TALENT:ASSI:61 , 素質:助手:汚臭鈍感
TALENT:ASSI:62 , 素質:助手:汚臭敏感
TALENT:ASSI:63 , 素質:助手:献身的
TALENT:ASSI:64 , 素質:助手:汚れ無視
TALENT:ASSI:65 , 素質:助手:パイパン
TALENT:ASSI:66 , 素質:助手:精愛味覚
TALENT:ASSI:70 , 素質:助手:快感に素直
TALENT:ASSI:71 , 素質:助手:快感の否定
TALENT:ASSI:80 , 素質:助手:倒錯的
TALENT:ASSI:81 , 素質:助手:サド
TALENT:ASSI:82 , 素質:助手:マゾ
TALENT:ASSI:83 , 素質:助手:両刀
TALENT:ASSI:84 , 素質:助手:中毒しやすい
TALENT:ASSI:90 , 素質:助手:魅力
TALENT:ASSI:91 , 素質:助手:魅惑
TALENT:ASSI:92 , 素質:助手:謎の魅力
TALENT:ASSI:93 , 素質:助手:小悪魔
TALENT:ASSI:94 , 素質:助手:人気
TALENT:ASSI:95 , 素質:助手:鼓舞
TALENT:ASSI:96 , 素質:助手:大乳導
TALENT:ASSI:97 , 素質:助手:つるぺた堕し
TALENT:ASSI:98 , 素質:助手:大甲斐性
TALENT:ASSI:100 , 素質:助手:Ｃ敏感
TALENT:ASSI:101 , 素質:助手:Ｃ鈍感
TALENT:ASSI:102 , 素質:助手:Ｖ敏感
TALENT:ASSI:103 , 素質:助手:Ｖ鈍感
TALENT:ASSI:104 , 素質:助手:Ａ敏感
TALENT:ASSI:105 , 素質:助手:Ａ鈍感
TALENT:ASSI:106 , 素質:助手:Ｂ敏感
TALENT:ASSI:107 , 素質:助手:Ｂ鈍感
TALENT:ASSI:110 , 素質:助手:絶壁
TALENT:ASSI:111 , 素質:助手:貧乳
TALENT:ASSI:112 , 素質:助手:巨乳
TALENT:ASSI:113 , 素質:助手:爆乳
TALENT:ASSI:114 , 素質:助手:日光浴
TALENT:ASSI:115 , 素質:助手:月光浴
TALENT:ASSI:116 , 素質:助手:動物耳
TALENT:ASSI:120 , 素質:助手:オトコ
TALENT:ASSI:121 , 素質:助手:ふたなり
TALENT:ASSI:122 , 素質:助手:不思議な根
TALENT:ASSI:123 , 素質:助手:具現
TALENT:ASSI:124 , 素質:助手:顕在化
TALENT:ASSI:125 , 素質:助手:狂気の目
TALENT:ASSI:126 , 素質:助手:教育者
TALENT:ASSI:127 , 素質:助手:小人体型
TALENT:ASSI:128 , 素質:助手:小柄体型
TALENT:ASSI:129 , 素質:助手:巨躯
TALENT:ASSI:130 , 素質:助手:幼児
TALENT:ASSI:131 , 素質:助手:幼稚
TALENT:ASSI:132 , 素質:助手:早漏
TALENT:ASSI:133 , 素質:助手:遅漏
TALENT:ASSI:134 , 素質:助手:母乳体質
TALENT:ASSI:135 , 素質:助手:卵生
TALENT:ASSI:136 , 素質:助手:産卵体質
TALENT:ASSI:137 , 素質:助手:回復早い
TALENT:ASSI:138 , 素質:助手:回復遅い
TALENT:ASSI:139 , 素質:助手:変幻自在
TALENT:ASSI:140 , 素質:助手:妊娠
TALENT:ASSI:141 , 素質:助手:育児中
TALENT:ASSI:142 , 素質:助手:母性
TALENT:ASSI:143 , 素質:助手:抱卵中
TALENT:ASSI:145 , 素質:助手:懐卵
TALENT:ASSI:146 , 素質:助手:寄生
TALENT:ASSI:149 , 素質:助手:触手使役術
TALENT:ASSI:150 , 素質:助手:恋慕
TALENT:ASSI:151 , 素質:助手:妄信
TALENT:ASSI:152 , 素質:助手:親愛
TALENT:ASSI:153 , 素質:助手:相愛
TALENT:ASSI:157 , 素質:助手:嫉妬
TALENT:ASSI:158 , 素質:助手:狂気
TALENT:ASSI:159 , 素質:助手:幼児退行
TALENT:ASSI:160 , 素質:助手:服従
TALENT:ASSI:161 , 素質:助手:烙印
TALENT:ASSI:162 , 素質:助手:隷属
TALENT:ASSI:163 , 素質:助手:傷物
TALENT:ASSI:164 , 素質:助手:使い魔
TALENT:ASSI:167 , 素質:助手:精神崩壊
TALENT:ASSI:168 , 素質:助手:傀儡
TALENT:ASSI:169 , 素質:助手:壊造人格
TALENT:ASSI:170 , 素質:助手:淫乱
TALENT:ASSI:171 , 素質:助手:淫核／淫茎
TALENT:ASSI:172 , 素質:助手:淫壷
TALENT:ASSI:173 , 素質:助手:淫尻
TALENT:ASSI:174 , 素質:助手:淫乳
TALENT:ASSI:175 , 素質:助手:尿道狂
TALENT:ASSI:176 , 素質:助手:キス魔
TALENT:ASSI:177 , 素質:助手:ドＳ
TALENT:ASSI:178 , 素質:助手:ドＭ
TALENT:ASSI:179 , 素質:助手:即落ち
TALENT:ASSI:180 , 素質:助手:淫魔
TALENT:ASSI:190 , 素質:助手:音痴
TALENT:ASSI:191 , 素質:助手:音感
TALENT:ASSI:192 , 素質:助手:料理苦手
TALENT:ASSI:193 , 素質:助手:料理得意
TALENT:ASSI:194 , 素質:助手:調理名人
TALENT:ASSI:195 , 素質:助手:工作名人
TALENT:ASSI:196 , 素質:助手:報道者
TALENT:ASSI:197 , 素質:助手:魔術技能
TALENT:ASSI:198 , 素質:助手:超常目算
TALENT:ASSI:200 , 素質:助手:妖精
TALENT:ASSI:205 , 素質:助手:吸血鬼
TALENT:ASSI:206 , 素質:助手:機械
TALENT:ASSI:207 , 素質:助手:霊体
TALENT:ASSI:208 , 素質:助手:人形
TALENT:ASSI:209 , 素質:助手:悪魔
TALENT:ASSI:210 , 素質:助手:河童
TALENT:ASSI:211 , 素質:助手:妖狐
TALENT:ASSI:212 , 素質:助手:半白澤
TALENT:ASSI:213 , 素質:助手:覚
TALENT:ASSI:214 , 素質:助手:鬼
TALENT:ASSI:215 , 素質:助手:天狗
TALENT:ASSI:216 , 素質:助手:求聞持
TALENT:ASSI:217 , 素質:助手:鵺
TALENT:ASSI:218 , 素質:助手:博麗の巫女
TALENT:ASSI:219 , 素質:助手:風祝
TALENT:ASSI:260 , 素質:助手:娼婦
TALENT:ASSI:261 , 素質:助手:求愛依存
TALENT:ASSI:262 , 素質:助手:売春中毒
TALENT:ASSI:263 , 素質:助手:春の人
TALENT:ASSI:264 , 素質:助手:看板娘
TALENT:ASSI:265 , 素質:助手:常連客
TALENT:ASSI:266 , 素質:助手:傾倒
TALENT:ASSI:830 , 素質:助手:拒絶
TALENT:ASSI:831 , 素質:助手:野菜の錬金術師
TALENT:ASSI:998 , 素質:助手:Debug

;●素質:奴隷へ変換
TALENT:TARGET:0 , 素質:奴隷:処女
TALENT:TARGET:1 , 素質:奴隷:肥大陰核
TALENT:TARGET:10 , 素質:奴隷:臆病
TALENT:TARGET:11 , 素質:奴隷:反抗的
TALENT:TARGET:12 , 素質:奴隷:気丈
TALENT:TARGET:13 , 素質:奴隷:素直
TALENT:TARGET:14 , 素質:奴隷:大人しい
TALENT:TARGET:15 , 素質:奴隷:生意気
TALENT:TARGET:16 , 素質:奴隷:プライド高い
TALENT:TARGET:17 , 素質:奴隷:プライド低い
TALENT:TARGET:18 , 素質:奴隷:ツンデレ
TALENT:TARGET:19 , 素質:奴隷:嫉妬しやすい
TALENT:TARGET:20 , 素質:奴隷:自制心
TALENT:TARGET:21 , 素質:奴隷:無関心
TALENT:TARGET:22 , 素質:奴隷:感情乏しい
TALENT:TARGET:23 , 素質:奴隷:好奇心
TALENT:TARGET:24 , 素質:奴隷:保守的
TALENT:TARGET:25 , 素質:奴隷:楽観的
TALENT:TARGET:26 , 素質:奴隷:悲観的
TALENT:TARGET:27 , 素質:奴隷:一線越えない
TALENT:TARGET:28 , 素質:奴隷:目立ちたがり
TALENT:TARGET:30 , 素質:奴隷:貞操観念
TALENT:TARGET:31 , 素質:奴隷:貞操無頓着
TALENT:TARGET:32 , 素質:奴隷:抑圧
TALENT:TARGET:33 , 素質:奴隷:解放
TALENT:TARGET:34 , 素質:奴隷:抵抗
TALENT:TARGET:35 , 素質:奴隷:恥じらい
TALENT:TARGET:36 , 素質:奴隷:恥薄い
TALENT:TARGET:37 , 素質:奴隷:男嫌い
TALENT:TARGET:38 , 素質:奴隷:女嫌い
TALENT:TARGET:39 , 素質:奴隷:弱味
TALENT:TARGET:40 , 素質:奴隷:痛みに弱い
TALENT:TARGET:41 , 素質:奴隷:痛みに強い
TALENT:TARGET:42 , 素質:奴隷:濡れやすい
TALENT:TARGET:43 , 素質:奴隷:濡れにくい
TALENT:TARGET:44 , 素質:奴隷:薬毒耐性
TALENT:TARGET:45 , 素質:奴隷:おもらし癖
TALENT:TARGET:46 , 素質:奴隷:媚薬中毒
TALENT:TARGET:47 , 素質:奴隷:喘息
TALENT:TARGET:48 , 素質:奴隷:呪精
TALENT:TARGET:49 , 素質:奴隷:蓬莱人
TALENT:TARGET:50 , 素質:奴隷:習得早い
TALENT:TARGET:51 , 素質:奴隷:習得遅い
TALENT:TARGET:52 , 素質:奴隷:舌使い
TALENT:TARGET:53 , 素質:奴隷:針さばき
TALENT:TARGET:54 , 素質:奴隷:猫舌
TALENT:TARGET:55 , 素質:奴隷:調合知識
TALENT:TARGET:56 , 素質:奴隷:禁断の知識
TALENT:TARGET:57 , 素質:奴隷:妖精知識
TALENT:TARGET:58 , 素質:奴隷:淫具知識
TALENT:TARGET:59 , 素質:奴隷:治療
TALENT:TARGET:60 , 素質:奴隷:自慰しやすい
TALENT:TARGET:61 , 素質:奴隷:汚臭鈍感
TALENT:TARGET:62 , 素質:奴隷:汚臭敏感
TALENT:TARGET:63 , 素質:奴隷:献身的
TALENT:TARGET:64 , 素質:奴隷:汚れ無視
TALENT:TARGET:65 , 素質:奴隷:パイパン
TALENT:TARGET:66 , 素質:奴隷:精愛味覚
TALENT:TARGET:70 , 素質:奴隷:快感に素直
TALENT:TARGET:71 , 素質:奴隷:快感の否定
TALENT:TARGET:80 , 素質:奴隷:倒錯的
TALENT:TARGET:81 , 素質:奴隷:サド
TALENT:TARGET:82 , 素質:奴隷:マゾ
TALENT:TARGET:83 , 素質:奴隷:両刀
TALENT:TARGET:84 , 素質:奴隷:中毒しやすい
TALENT:TARGET:90 , 素質:奴隷:魅力
TALENT:TARGET:91 , 素質:奴隷:魅惑
TALENT:TARGET:92 , 素質:奴隷:謎の魅力
TALENT:TARGET:93 , 素質:奴隷:小悪魔
TALENT:TARGET:94 , 素質:奴隷:人気
TALENT:TARGET:95 , 素質:奴隷:鼓舞
TALENT:TARGET:96 , 素質:奴隷:大乳導
TALENT:TARGET:97 , 素質:奴隷:つるぺた堕し
TALENT:TARGET:98 , 素質:奴隷:大甲斐性
TALENT:TARGET:100 , 素質:奴隷:Ｃ敏感
TALENT:TARGET:101 , 素質:奴隷:Ｃ鈍感
TALENT:TARGET:102 , 素質:奴隷:Ｖ敏感
TALENT:TARGET:103 , 素質:奴隷:Ｖ鈍感
TALENT:TARGET:104 , 素質:奴隷:Ａ敏感
TALENT:TARGET:105 , 素質:奴隷:Ａ鈍感
TALENT:TARGET:106 , 素質:奴隷:Ｂ敏感
TALENT:TARGET:107 , 素質:奴隷:Ｂ鈍感
TALENT:TARGET:110 , 素質:奴隷:絶壁
TALENT:TARGET:111 , 素質:奴隷:貧乳
TALENT:TARGET:112 , 素質:奴隷:巨乳
TALENT:TARGET:113 , 素質:奴隷:爆乳
TALENT:TARGET:114 , 素質:奴隷:日光浴
TALENT:TARGET:115 , 素質:奴隷:月光浴
TALENT:TARGET:116 , 素質:奴隷:動物耳
TALENT:TARGET:120 , 素質:奴隷:オトコ
TALENT:TARGET:121 , 素質:奴隷:ふたなり
TALENT:TARGET:122 , 素質:奴隷:不思議な根
TALENT:TARGET:123 , 素質:奴隷:具現
TALENT:TARGET:124 , 素質:奴隷:顕在化
TALENT:TARGET:125 , 素質:奴隷:狂気の目
TALENT:TARGET:126 , 素質:奴隷:教育者
TALENT:TARGET:127 , 素質:奴隷:小人体型
TALENT:TARGET:128 , 素質:奴隷:小柄体型
TALENT:TARGET:129 , 素質:奴隷:巨躯
TALENT:TARGET:130 , 素質:奴隷:幼児
TALENT:TARGET:131 , 素質:奴隷:幼稚
TALENT:TARGET:132 , 素質:奴隷:早漏
TALENT:TARGET:133 , 素質:奴隷:遅漏
TALENT:TARGET:134 , 素質:奴隷:母乳体質
TALENT:TARGET:135 , 素質:奴隷:卵生
TALENT:TARGET:136 , 素質:奴隷:産卵体質
TALENT:TARGET:137 , 素質:奴隷:回復早い
TALENT:TARGET:138 , 素質:奴隷:回復遅い
TALENT:TARGET:139 , 素質:奴隷:変幻自在
TALENT:TARGET:140 , 素質:奴隷:妊娠
TALENT:TARGET:141 , 素質:奴隷:育児中
TALENT:TARGET:142 , 素質:奴隷:母性
TALENT:TARGET:143 , 素質:奴隷:抱卵中
TALENT:TARGET:145 , 素質:奴隷:懐卵
TALENT:TARGET:146 , 素質:奴隷:寄生
TALENT:TARGET:149 , 素質:奴隷:触手使役術
TALENT:TARGET:150 , 素質:奴隷:恋慕
TALENT:TARGET:151 , 素質:奴隷:妄信
TALENT:TARGET:152 , 素質:奴隷:親愛
TALENT:TARGET:153 , 素質:奴隷:相愛
TALENT:TARGET:157 , 素質:奴隷:嫉妬
TALENT:TARGET:158 , 素質:奴隷:狂気
TALENT:TARGET:159 , 素質:奴隷:幼児退行
TALENT:TARGET:160 , 素質:奴隷:服従
TALENT:TARGET:161 , 素質:奴隷:烙印
TALENT:TARGET:162 , 素質:奴隷:隷属
TALENT:TARGET:163 , 素質:奴隷:傷物
TALENT:TARGET:164 , 素質:奴隷:使い魔
TALENT:TARGET:167 , 素質:奴隷:精神崩壊
TALENT:TARGET:168 , 素質:奴隷:傀儡
TALENT:TARGET:169 , 素質:奴隷:壊造人格
TALENT:TARGET:170 , 素質:奴隷:淫乱
TALENT:TARGET:171 , 素質:奴隷:淫核／淫茎
TALENT:TARGET:172 , 素質:奴隷:淫壷
TALENT:TARGET:173 , 素質:奴隷:淫尻
TALENT:TARGET:174 , 素質:奴隷:淫乳
TALENT:TARGET:175 , 素質:奴隷:尿道狂
TALENT:TARGET:176 , 素質:奴隷:キス魔
TALENT:TARGET:177 , 素質:奴隷:ドＳ
TALENT:TARGET:178 , 素質:奴隷:ドＭ
TALENT:TARGET:179 , 素質:奴隷:即落ち
TALENT:TARGET:180 , 素質:奴隷:淫魔
TALENT:TARGET:190 , 素質:奴隷:音痴
TALENT:TARGET:191 , 素質:奴隷:音感
TALENT:TARGET:192 , 素質:奴隷:料理苦手
TALENT:TARGET:193 , 素質:奴隷:料理得意
TALENT:TARGET:194 , 素質:奴隷:調理名人
TALENT:TARGET:195 , 素質:奴隷:工作名人
TALENT:TARGET:196 , 素質:奴隷:報道者
TALENT:TARGET:197 , 素質:奴隷:魔術技能
TALENT:TARGET:198 , 素質:奴隷:超常目算
TALENT:TARGET:200 , 素質:奴隷:妖精
TALENT:TARGET:205 , 素質:奴隷:吸血鬼
TALENT:TARGET:206 , 素質:奴隷:機械
TALENT:TARGET:207 , 素質:奴隷:霊体
TALENT:TARGET:208 , 素質:奴隷:人形
TALENT:TARGET:209 , 素質:奴隷:悪魔
TALENT:TARGET:210 , 素質:奴隷:河童
TALENT:TARGET:211 , 素質:奴隷:妖狐
TALENT:TARGET:212 , 素質:奴隷:半白澤
TALENT:TARGET:213 , 素質:奴隷:覚
TALENT:TARGET:214 , 素質:奴隷:鬼
TALENT:TARGET:215 , 素質:奴隷:天狗
TALENT:TARGET:216 , 素質:奴隷:求聞持
TALENT:TARGET:217 , 素質:奴隷:鵺
TALENT:TARGET:218 , 素質:奴隷:博麗の巫女
TALENT:TARGET:219 , 素質:奴隷:風祝
TALENT:TARGET:260 , 素質:奴隷:娼婦
TALENT:TARGET:261 , 素質:奴隷:求愛依存
TALENT:TARGET:262 , 素質:奴隷:売春中毒
TALENT:TARGET:263 , 素質:奴隷:春の人
TALENT:TARGET:264 , 素質:奴隷:看板娘
TALENT:TARGET:265 , 素質:奴隷:常連客
TALENT:TARGET:266 , 素質:奴隷:傾倒
TALENT:TARGET:830 , 素質:奴隷:拒絶
TALENT:TARGET:831 , 素質:奴隷:野菜の錬金術師
TALENT:TARGET:998 , 素質:奴隷:Debug

;●能力名称へ変換
ABLNAME:0 , 能力名称:Ｃ感覚
ABLNAME:1 , 能力名称:Ｖ感覚
ABLNAME:2 , 能力名称:Ａ感覚
ABLNAME:3 , 能力名称:Ｂ感覚
ABLNAME:10 , 能力名称:従順
ABLNAME:11 , 能力名称:欲望
ABLNAME:12 , 能力名称:技巧
ABLNAME:13 , 能力名称:奉仕精神
ABLNAME:14 , 能力名称:露出癖
ABLNAME:20 , 能力名称:サドっ気
ABLNAME:21 , 能力名称:マゾっ気
ABLNAME:22 , 能力名称:レズっ気
ABLNAME:23 , 能力名称:ＢＬっ気
ABLNAME:30 , 能力名称:自慰中毒
ABLNAME:31 , 能力名称:精液中毒
ABLNAME:32 , 能力名称:レズ中毒
ABLNAME:33 , 能力名称:ＢＬ中毒
ABLNAME:34 , 能力名称:噴乳中毒
ABLNAME:35 , 能力名称:触手中毒
ABLNAME:36 , 能力名称:排泄中毒
ABLNAME:37 , 能力名称:射精中毒
ABLNAME:70 , 能力名称:料理技能
ABLNAME:71 , 能力名称:撮影技能
ABLNAME:72 , 能力名称:歌唱技能
ABLNAME:73 , 能力名称:工作技能
ABLNAME:98 , 能力名称:触手使役
ABLNAME:99 , 能力名称:調教師Lv

;●能力:調教者へ変換
ABL:PLAYER:0 , 能力:調教者:Ｃ感覚
ABL:PLAYER:1 , 能力:調教者:Ｖ感覚
ABL:PLAYER:2 , 能力:調教者:Ａ感覚
ABL:PLAYER:3 , 能力:調教者:Ｂ感覚
ABL:PLAYER:10 , 能力:調教者:従順
ABL:PLAYER:11 , 能力:調教者:欲望
ABL:PLAYER:12 , 能力:調教者:技巧
ABL:PLAYER:13 , 能力:調教者:奉仕精神
ABL:PLAYER:14 , 能力:調教者:露出癖
ABL:PLAYER:20 , 能力:調教者:サドっ気
ABL:PLAYER:21 , 能力:調教者:マゾっ気
ABL:PLAYER:22 , 能力:調教者:レズっ気
ABL:PLAYER:23 , 能力:調教者:ＢＬっ気
ABL:PLAYER:30 , 能力:調教者:自慰中毒
ABL:PLAYER:31 , 能力:調教者:精液中毒
ABL:PLAYER:32 , 能力:調教者:レズ中毒
ABL:PLAYER:33 , 能力:調教者:ＢＬ中毒
ABL:PLAYER:34 , 能力:調教者:噴乳中毒
ABL:PLAYER:35 , 能力:調教者:触手中毒
ABL:PLAYER:36 , 能力:調教者:排泄中毒
ABL:PLAYER:37 , 能力:調教者:射精中毒
ABL:PLAYER:70 , 能力:調教者:料理技能
ABL:PLAYER:71 , 能力:調教者:撮影技能
ABL:PLAYER:72 , 能力:調教者:歌唱技能
ABL:PLAYER:73 , 能力:調教者:工作技能
ABL:PLAYER:98 , 能力:調教者:触手使役
ABL:PLAYER:99 , 能力:調教者:調教師Lv

;●能力:主人へ変換
ABL:MASTER:0 , 能力:主人:Ｃ感覚
ABL:MASTER:1 , 能力:主人:Ｖ感覚
ABL:MASTER:2 , 能力:主人:Ａ感覚
ABL:MASTER:3 , 能力:主人:Ｂ感覚
ABL:MASTER:10 , 能力:主人:従順
ABL:MASTER:11 , 能力:主人:欲望
ABL:MASTER:12 , 能力:主人:技巧
ABL:MASTER:13 , 能力:主人:奉仕精神
ABL:MASTER:14 , 能力:主人:露出癖
ABL:MASTER:20 , 能力:主人:サドっ気
ABL:MASTER:21 , 能力:主人:マゾっ気
ABL:MASTER:22 , 能力:主人:レズっ気
ABL:MASTER:23 , 能力:主人:ＢＬっ気
ABL:MASTER:30 , 能力:主人:自慰中毒
ABL:MASTER:31 , 能力:主人:精液中毒
ABL:MASTER:32 , 能力:主人:レズ中毒
ABL:MASTER:33 , 能力:主人:ＢＬ中毒
ABL:MASTER:34 , 能力:主人:噴乳中毒
ABL:MASTER:35 , 能力:主人:触手中毒
ABL:MASTER:36 , 能力:主人:排泄中毒
ABL:MASTER:37 , 能力:主人:射精中毒
ABL:MASTER:70 , 能力:主人:料理技能
ABL:MASTER:71 , 能力:主人:撮影技能
ABL:MASTER:72 , 能力:主人:歌唱技能
ABL:MASTER:73 , 能力:主人:工作技能
ABL:MASTER:98 , 能力:主人:触手使役
ABL:MASTER:99 , 能力:主人:調教師Lv

;●能力:助手へ変換
ABL:ASSI:0 , 能力:助手:Ｃ感覚
ABL:ASSI:1 , 能力:助手:Ｖ感覚
ABL:ASSI:2 , 能力:助手:Ａ感覚
ABL:ASSI:3 , 能力:助手:Ｂ感覚
ABL:ASSI:10 , 能力:助手:従順
ABL:ASSI:11 , 能力:助手:欲望
ABL:ASSI:12 , 能力:助手:技巧
ABL:ASSI:13 , 能力:助手:奉仕精神
ABL:ASSI:14 , 能力:助手:露出癖
ABL:ASSI:20 , 能力:助手:サドっ気
ABL:ASSI:21 , 能力:助手:マゾっ気
ABL:ASSI:22 , 能力:助手:レズっ気
ABL:ASSI:23 , 能力:助手:ＢＬっ気
ABL:ASSI:30 , 能力:助手:自慰中毒
ABL:ASSI:31 , 能力:助手:精液中毒
ABL:ASSI:32 , 能力:助手:レズ中毒
ABL:ASSI:33 , 能力:助手:ＢＬ中毒
ABL:ASSI:34 , 能力:助手:噴乳中毒
ABL:ASSI:35 , 能力:助手:触手中毒
ABL:ASSI:36 , 能力:助手:排泄中毒
ABL:ASSI:37 , 能力:助手:射精中毒
ABL:ASSI:70 , 能力:助手:料理技能
ABL:ASSI:71 , 能力:助手:撮影技能
ABL:ASSI:72 , 能力:助手:歌唱技能
ABL:ASSI:73 , 能力:助手:工作技能
ABL:ASSI:98 , 能力:助手:触手使役
ABL:ASSI:99 , 能力:助手:調教師Lv

;●能力:奴隷へ変換
ABL:TARGET:0 , 能力:奴隷:Ｃ感覚
ABL:TARGET:1 , 能力:奴隷:Ｖ感覚
ABL:TARGET:2 , 能力:奴隷:Ａ感覚
ABL:TARGET:3 , 能力:奴隷:Ｂ感覚
ABL:TARGET:10 , 能力:奴隷:従順
ABL:TARGET:11 , 能力:奴隷:欲望
ABL:TARGET:12 , 能力:奴隷:技巧
ABL:TARGET:13 , 能力:奴隷:奉仕精神
ABL:TARGET:14 , 能力:奴隷:露出癖
ABL:TARGET:20 , 能力:奴隷:サドっ気
ABL:TARGET:21 , 能力:奴隷:マゾっ気
ABL:TARGET:22 , 能力:奴隷:レズっ気
ABL:TARGET:23 , 能力:奴隷:ＢＬっ気
ABL:TARGET:30 , 能力:奴隷:自慰中毒
ABL:TARGET:31 , 能力:奴隷:精液中毒
ABL:TARGET:32 , 能力:奴隷:レズ中毒
ABL:TARGET:33 , 能力:奴隷:ＢＬ中毒
ABL:TARGET:34 , 能力:奴隷:噴乳中毒
ABL:TARGET:35 , 能力:奴隷:触手中毒
ABL:TARGET:36 , 能力:奴隷:排泄中毒
ABL:TARGET:37 , 能力:奴隷:射精中毒
ABL:TARGET:70 , 能力:奴隷:料理技能
ABL:TARGET:71 , 能力:奴隷:撮影技能
ABL:TARGET:72 , 能力:奴隷:歌唱技能
ABL:TARGET:73 , 能力:奴隷:工作技能
ABL:TARGET:98 , 能力:奴隷:触手使役
ABL:TARGET:99 , 能力:奴隷:調教師Lv

;●獲得珠へ変換
GOTJUEL:0 , 獲得珠:快Ｃ
GOTJUEL:1 , 獲得珠:快Ｖ
GOTJUEL:2 , 獲得珠:快Ａ
GOTJUEL:3 , 獲得珠:快Ｂ
GOTJUEL:10 , 獲得珠:潤滑
GOTJUEL:11 , 獲得珠:習得
GOTJUEL:12 , 獲得珠:恭順
GOTJUEL:13 , 獲得珠:欲情
GOTJUEL:14 , 獲得珠:屈服
GOTJUEL:15 , 獲得珠:恥情
GOTJUEL:16 , 獲得珠:苦痛
GOTJUEL:17 , 獲得珠:恐怖
GOTJUEL:20 , 獲得珠:反感
GOTJUEL:21 , 獲得珠:不快
GOTJUEL:22 , 獲得珠:抑鬱
GOTJUEL:30 , 獲得珠:薬毒
GOTJUEL:31 , 獲得珠:侵蝕
GOTJUEL:32 , 獲得珠:先導
GOTJUEL:100 , 獲得珠:否定
GOTJUEL:198 , 獲得珠:触手

;●経験名称へ変換
EXPNAME:0 , 経験名称:Ｖ経験
EXPNAME:1 , 経験名称:Ａ経験
EXPNAME:2 , 経験名称:絶頂経験
EXPNAME:3 , 経験名称:射精経験
EXPNAME:4 , 経験名称:精液経験
EXPNAME:5 , 経験名称:噴乳経験
EXPNAME:6 , 経験名称:放尿経験
EXPNAME:7 , 経験名称:調教排泄経験
EXPNAME:8 , 経験名称:精飲絶頂経験
EXPNAME:10 , 経験名称:自慰経験
EXPNAME:11 , 経験名称:調教自慰経験
EXPNAME:12 , 経験名称:レズ経験
EXPNAME:13 , 経験名称:ＢＬ経験
EXPNAME:20 , 経験名称:奉仕快楽経験
EXPNAME:21 , 経験名称:愛情経験
EXPNAME:22 , 経験名称:フェラ経験
EXPNAME:23 , 経験名称:キス経験
EXPNAME:30 , 経験名称:苦痛快楽経験
EXPNAME:31 , 経験名称:緊縛経験
EXPNAME:32 , 経験名称:Ｖ拡張経験
EXPNAME:33 , 経験名称:Ａ拡張経験
EXPNAME:34 , 経験名称:Ｕ拡張経験
EXPNAME:39 , 経験名称:ＳＭ教育経験
EXPNAME:40 , 経験名称:薬物経験
EXPNAME:41 , 経験名称:Ｃ調律経験
EXPNAME:42 , 経験名称:Ｖ調律経験
EXPNAME:43 , 経験名称:Ａ快楽経験
EXPNAME:44 , 経験名称:Ｂ快楽経験
EXPNAME:45 , 経験名称:乳腺開発経験
EXPNAME:46 , 経験名称:尿道開発経験
EXPNAME:50 , 経験名称:異常経験
EXPNAME:51 , 経験名称:産卵経験
EXPNAME:52 , 経験名称:出産経験
EXPNAME:53 , 経験名称:触手経験
EXPNAME:54 , 経験名称:吸血経験
EXPNAME:55 , 経験名称:調教失神経験
EXPNAME:56 , 経験名称:動物性愛経験
EXPNAME:70 , 経験名称:調理経験
EXPNAME:71 , 経験名称:撮影経験
EXPNAME:72 , 経験名称:被写経験
EXPNAME:73 , 経験名称:歌唱経験
EXPNAME:74 , 経験名称:工作経験
EXPNAME:75 , 経験名称:教育経験
EXPNAME:76 , 経験名称:売春経験
EXPNAME:77 , 経験名称:娼館人気
EXPNAME:80 , 経験名称:強姦経験
EXPNAME:81 , 経験名称:被強姦経験
EXPNAME:82 , 経験名称:被輪姦経験
EXPNAME:83 , 経験名称:被姦快楽経験
EXPNAME:97 , 経験名称:極楽絶頂経験
EXPNAME:98 , 経験名称:主人調教経験
EXPNAME:99 , 経験名称:助手経験

;●経験:調教者へ変換
EXP:PLAYER:0 , 経験:調教者:Ｖ経験
EXP:PLAYER:1 , 経験:調教者:Ａ経験
EXP:PLAYER:2 , 経験:調教者:絶頂経験
EXP:PLAYER:3 , 経験:調教者:射精経験
EXP:PLAYER:4 , 経験:調教者:精液経験
EXP:PLAYER:5 , 経験:調教者:噴乳経験
EXP:PLAYER:6 , 経験:調教者:放尿経験
EXP:PLAYER:7 , 経験:調教者:調教排泄経験
EXP:PLAYER:8 , 経験:調教者:精飲絶頂経験
EXP:PLAYER:10 , 経験:調教者:自慰経験
EXP:PLAYER:11 , 経験:調教者:調教自慰経験
EXP:PLAYER:12 , 経験:調教者:レズ経験
EXP:PLAYER:13 , 経験:調教者:ＢＬ経験
EXP:PLAYER:20 , 経験:調教者:奉仕快楽経験
EXP:PLAYER:21 , 経験:調教者:愛情経験
EXP:PLAYER:22 , 経験:調教者:フェラ経験
EXP:PLAYER:23 , 経験:調教者:キス経験
EXP:PLAYER:30 , 経験:調教者:苦痛快楽経験
EXP:PLAYER:31 , 経験:調教者:緊縛経験
EXP:PLAYER:32 , 経験:調教者:Ｖ拡張経験
EXP:PLAYER:33 , 経験:調教者:Ａ拡張経験
EXP:PLAYER:34 , 経験:調教者:Ｕ拡張経験
EXP:PLAYER:39 , 経験:調教者:ＳＭ教育経験
EXP:PLAYER:40 , 経験:調教者:薬物経験
EXP:PLAYER:41 , 経験:調教者:Ｃ調律経験
EXP:PLAYER:42 , 経験:調教者:Ｖ調律経験
EXP:PLAYER:43 , 経験:調教者:Ａ快楽経験
EXP:PLAYER:44 , 経験:調教者:Ｂ快楽経験
EXP:PLAYER:45 , 経験:調教者:乳腺開発経験
EXP:PLAYER:46 , 経験:調教者:尿道開発経験
EXP:PLAYER:50 , 経験:調教者:異常経験
EXP:PLAYER:51 , 経験:調教者:産卵経験
EXP:PLAYER:52 , 経験:調教者:出産経験
EXP:PLAYER:53 , 経験:調教者:触手経験
EXP:PLAYER:54 , 経験:調教者:吸血経験
EXP:PLAYER:55 , 経験:調教者:調教失神経験
EXP:PLAYER:56 , 経験:調教者:動物性愛経験
EXP:PLAYER:70 , 経験:調教者:調理経験
EXP:PLAYER:71 , 経験:調教者:撮影経験
EXP:PLAYER:72 , 経験:調教者:被写経験
EXP:PLAYER:73 , 経験:調教者:歌唱経験
EXP:PLAYER:74 , 経験:調教者:工作経験
EXP:PLAYER:75 , 経験:調教者:教育経験
EXP:PLAYER:76 , 経験:調教者:売春経験
EXP:PLAYER:77 , 経験:調教者:娼館人気
EXP:PLAYER:80 , 経験:調教者:強姦経験
EXP:PLAYER:81 , 経験:調教者:被強姦経験
EXP:PLAYER:82 , 経験:調教者:被輪姦経験
EXP:PLAYER:83 , 経験:調教者:被姦快楽経験
EXP:PLAYER:97 , 経験:調教者:極楽絶頂経験
EXP:PLAYER:98 , 経験:調教者:主人調教経験
EXP:PLAYER:99 , 経験:調教者:助手経験

;●経験:主人へ変換
EXP:MASTER:0 , 経験:主人:Ｖ経験
EXP:MASTER:1 , 経験:主人:Ａ経験
EXP:MASTER:2 , 経験:主人:絶頂経験
EXP:MASTER:3 , 経験:主人:射精経験
EXP:MASTER:4 , 経験:主人:精液経験
EXP:MASTER:5 , 経験:主人:噴乳経験
EXP:MASTER:6 , 経験:主人:放尿経験
EXP:MASTER:7 , 経験:主人:調教排泄経験
EXP:MASTER:8 , 経験:主人:精飲絶頂経験
EXP:MASTER:10 , 経験:主人:自慰経験
EXP:MASTER:11 , 経験:主人:調教自慰経験
EXP:MASTER:12 , 経験:主人:レズ経験
EXP:MASTER:13 , 経験:主人:ＢＬ経験
EXP:MASTER:20 , 経験:主人:奉仕快楽経験
EXP:MASTER:21 , 経験:主人:愛情経験
EXP:MASTER:22 , 経験:主人:フェラ経験
EXP:MASTER:23 , 経験:主人:キス経験
EXP:MASTER:30 , 経験:主人:苦痛快楽経験
EXP:MASTER:31 , 経験:主人:緊縛経験
EXP:MASTER:32 , 経験:主人:Ｖ拡張経験
EXP:MASTER:33 , 経験:主人:Ａ拡張経験
EXP:MASTER:34 , 経験:主人:Ｕ拡張経験
EXP:MASTER:39 , 経験:主人:ＳＭ教育経験
EXP:MASTER:40 , 経験:主人:薬物経験
EXP:MASTER:41 , 経験:主人:Ｃ調律経験
EXP:MASTER:42 , 経験:主人:Ｖ調律経験
EXP:MASTER:43 , 経験:主人:Ａ快楽経験
EXP:MASTER:44 , 経験:主人:Ｂ快楽経験
EXP:MASTER:45 , 経験:主人:乳腺開発経験
EXP:MASTER:46 , 経験:主人:尿道開発経験
EXP:MASTER:50 , 経験:主人:異常経験
EXP:MASTER:51 , 経験:主人:産卵経験
EXP:MASTER:52 , 経験:主人:出産経験
EXP:MASTER:53 , 経験:主人:触手経験
EXP:MASTER:54 , 経験:主人:吸血経験
EXP:MASTER:55 , 経験:主人:調教失神経験
EXP:MASTER:56 , 経験:主人:動物性愛経験
EXP:MASTER:70 , 経験:主人:調理経験
EXP:MASTER:71 , 経験:主人:撮影経験
EXP:MASTER:72 , 経験:主人:被写経験
EXP:MASTER:73 , 経験:主人:歌唱経験
EXP:MASTER:74 , 経験:主人:工作経験
EXP:MASTER:75 , 経験:主人:教育経験
EXP:MASTER:76 , 経験:主人:売春経験
EXP:MASTER:77 , 経験:主人:娼館人気
EXP:MASTER:80 , 経験:主人:強姦経験
EXP:MASTER:81 , 経験:主人:被強姦経験
EXP:MASTER:82 , 経験:主人:被輪姦経験
EXP:MASTER:83 , 経験:主人:被姦快楽経験
EXP:MASTER:97 , 経験:主人:極楽絶頂経験
EXP:MASTER:98 , 経験:主人:主人調教経験
EXP:MASTER:99 , 経験:主人:助手経験

;●経験:助手へ変換
EXP:ASSI:0 , 経験:助手:Ｖ経験
EXP:ASSI:1 , 経験:助手:Ａ経験
EXP:ASSI:2 , 経験:助手:絶頂経験
EXP:ASSI:3 , 経験:助手:射精経験
EXP:ASSI:4 , 経験:助手:精液経験
EXP:ASSI:5 , 経験:助手:噴乳経験
EXP:ASSI:6 , 経験:助手:放尿経験
EXP:ASSI:7 , 経験:助手:調教排泄経験
EXP:ASSI:8 , 経験:助手:精飲絶頂経験
EXP:ASSI:10 , 経験:助手:自慰経験
EXP:ASSI:11 , 経験:助手:調教自慰経験
EXP:ASSI:12 , 経験:助手:レズ経験
EXP:ASSI:13 , 経験:助手:ＢＬ経験
EXP:ASSI:20 , 経験:助手:奉仕快楽経験
EXP:ASSI:21 , 経験:助手:愛情経験
EXP:ASSI:22 , 経験:助手:フェラ経験
EXP:ASSI:23 , 経験:助手:キス経験
EXP:ASSI:30 , 経験:助手:苦痛快楽経験
EXP:ASSI:31 , 経験:助手:緊縛経験
EXP:ASSI:32 , 経験:助手:Ｖ拡張経験
EXP:ASSI:33 , 経験:助手:Ａ拡張経験
EXP:ASSI:34 , 経験:助手:Ｕ拡張経験
EXP:ASSI:39 , 経験:助手:ＳＭ教育経験
EXP:ASSI:40 , 経験:助手:薬物経験
EXP:ASSI:41 , 経験:助手:Ｃ調律経験
EXP:ASSI:42 , 経験:助手:Ｖ調律経験
EXP:ASSI:43 , 経験:助手:Ａ快楽経験
EXP:ASSI:44 , 経験:助手:Ｂ快楽経験
EXP:ASSI:45 , 経験:助手:乳腺開発経験
EXP:ASSI:46 , 経験:助手:尿道開発経験
EXP:ASSI:50 , 経験:助手:異常経験
EXP:ASSI:51 , 経験:助手:産卵経験
EXP:ASSI:52 , 経験:助手:出産経験
EXP:ASSI:53 , 経験:助手:触手経験
EXP:ASSI:54 , 経験:助手:吸血経験
EXP:ASSI:55 , 経験:助手:調教失神経験
EXP:ASSI:56 , 経験:助手:動物性愛経験
EXP:ASSI:70 , 経験:助手:調理経験
EXP:ASSI:71 , 経験:助手:撮影経験
EXP:ASSI:72 , 経験:助手:被写経験
EXP:ASSI:73 , 経験:助手:歌唱経験
EXP:ASSI:74 , 経験:助手:工作経験
EXP:ASSI:75 , 経験:助手:教育経験
EXP:ASSI:76 , 経験:助手:売春経験
EXP:ASSI:77 , 経験:助手:娼館人気
EXP:ASSI:80 , 経験:助手:強姦経験
EXP:ASSI:81 , 経験:助手:被強姦経験
EXP:ASSI:82 , 経験:助手:被輪姦経験
EXP:ASSI:83 , 経験:助手:被姦快楽経験
EXP:ASSI:97 , 経験:助手:極楽絶頂経験
EXP:ASSI:98 , 経験:助手:主人調教経験
EXP:ASSI:99 , 経験:助手:助手経験

;●経験:奴隷へ変換
EXP:TARGET:0 , 経験:奴隷:Ｖ経験
EXP:TARGET:1 , 経験:奴隷:Ａ経験
EXP:TARGET:2 , 経験:奴隷:絶頂経験
EXP:TARGET:3 , 経験:奴隷:射精経験
EXP:TARGET:4 , 経験:奴隷:精液経験
EXP:TARGET:5 , 経験:奴隷:噴乳経験
EXP:TARGET:6 , 経験:奴隷:放尿経験
EXP:TARGET:7 , 経験:奴隷:調教排泄経験
EXP:TARGET:8 , 経験:奴隷:精飲絶頂経験
EXP:TARGET:10 , 経験:奴隷:自慰経験
EXP:TARGET:11 , 経験:奴隷:調教自慰経験
EXP:TARGET:12 , 経験:奴隷:レズ経験
EXP:TARGET:13 , 経験:奴隷:ＢＬ経験
EXP:TARGET:20 , 経験:奴隷:奉仕快楽経験
EXP:TARGET:21 , 経験:奴隷:愛情経験
EXP:TARGET:22 , 経験:奴隷:フェラ経験
EXP:TARGET:23 , 経験:奴隷:キス経験
EXP:TARGET:30 , 経験:奴隷:苦痛快楽経験
EXP:TARGET:31 , 経験:奴隷:緊縛経験
EXP:TARGET:32 , 経験:奴隷:Ｖ拡張経験
EXP:TARGET:33 , 経験:奴隷:Ａ拡張経験
EXP:TARGET:34 , 経験:奴隷:Ｕ拡張経験
EXP:TARGET:39 , 経験:奴隷:ＳＭ教育経験
EXP:TARGET:40 , 経験:奴隷:薬物経験
EXP:TARGET:41 , 経験:奴隷:Ｃ調律経験
EXP:TARGET:42 , 経験:奴隷:Ｖ調律経験
EXP:TARGET:43 , 経験:奴隷:Ａ快楽経験
EXP:TARGET:44 , 経験:奴隷:Ｂ快楽経験
EXP:TARGET:45 , 経験:奴隷:乳腺開発経験
EXP:TARGET:46 , 経験:奴隷:尿道開発経験
EXP:TARGET:50 , 経験:奴隷:異常経験
EXP:TARGET:51 , 経験:奴隷:産卵経験
EXP:TARGET:52 , 経験:奴隷:出産経験
EXP:TARGET:53 , 経験:奴隷:触手経験
EXP:TARGET:54 , 経験:奴隷:吸血経験
EXP:TARGET:55 , 経験:奴隷:調教失神経験
EXP:TARGET:56 , 経験:奴隷:動物性愛経験
EXP:TARGET:70 , 経験:奴隷:調理経験
EXP:TARGET:71 , 経験:奴隷:撮影経験
EXP:TARGET:72 , 経験:奴隷:被写経験
EXP:TARGET:73 , 経験:奴隷:歌唱経験
EXP:TARGET:74 , 経験:奴隷:工作経験
EXP:TARGET:75 , 経験:奴隷:教育経験
EXP:TARGET:76 , 経験:奴隷:売春経験
EXP:TARGET:77 , 経験:奴隷:娼館人気
EXP:TARGET:80 , 経験:奴隷:強姦経験
EXP:TARGET:81 , 経験:奴隷:被強姦経験
EXP:TARGET:82 , 経験:奴隷:被輪姦経験
EXP:TARGET:83 , 経験:奴隷:被姦快楽経験
EXP:TARGET:97 , 経験:奴隷:極楽絶頂経験
EXP:TARGET:98 , 経験:奴隷:主人調教経験
EXP:TARGET:99 , 経験:奴隷:助手経験

;●道具名称へ変換
ITEMNAME:0 , 道具名称:ローター
ITEMNAME:1 , 道具名称:電気按摩
ITEMNAME:2 , 道具名称:ペニスバンド
ITEMNAME:3 , 道具名称:バイブ
ITEMNAME:7 , 道具名称:ヴァギナ電極
ITEMNAME:8 , 道具名称:クスコ
ITEMNAME:9 , 道具名称:アナルバイブ
ITEMNAME:10 , 道具名称:浣腸器具一式
ITEMNAME:11 , 道具名称:アナルビーズ
ITEMNAME:12 , 道具名称:空気ポンプ
ITEMNAME:13 , 道具名称:拡張バルーン
ITEMNAME:14 , 道具名称:電極プラグ
ITEMNAME:15 , 道具名称:クリキャップ
ITEMNAME:16 , 道具名称:オナホール
ITEMNAME:17 , 道具名称:電極オナホール
ITEMNAME:18 , 道具名称:陰核電極
ITEMNAME:19 , 道具名称:リボン
ITEMNAME:20 , 道具名称:ニプルキャップ
ITEMNAME:21 , 道具名称:搾乳器
ITEMNAME:23 , 道具名称:テープ付き電極
ITEMNAME:24 , 道具名称:サラシ
ITEMNAME:25 , 道具名称:カテーテル
ITEMNAME:26 , 道具名称:採尿器
ITEMNAME:27 , 道具名称:風船カテーテル
ITEMNAME:28 , 道具名称:電極カテーテル
ITEMNAME:29 , 道具名称:縄
ITEMNAME:30 , 道具名称:アイマスク
ITEMNAME:31 , 道具名称:ボールギャグ
ITEMNAME:32 , 道具名称:鞭
ITEMNAME:33 , 道具名称:針
ITEMNAME:34 , 道具名称:強制開口器
ITEMNAME:35 , 道具名称:鼻フック
ITEMNAME:36 , 道具名称:豆つまみ
ITEMNAME:37 , 道具名称:スタンガン
ITEMNAME:40 , 道具名称:大鏡
ITEMNAME:41 , 道具名称:首輪＋リード
ITEMNAME:42 , 道具名称:プレイマット
ITEMNAME:43 , 道具名称:プラカード
ITEMNAME:44 , 道具名称:エプロン
ITEMNAME:45 , 道具名称:スクール水着
ITEMNAME:46 , 道具名称:聴診器
ITEMNAME:47 , 道具名称:仮装衣装一式
ITEMNAME:48 , 道具名称:特注日傘
ITEMNAME:50 , 道具名称:ビデオカメラ
ITEMNAME:51 , 道具名称:カメラ
ITEMNAME:52 , 道具名称:マイク
ITEMNAME:53 , 道具名称:注射セット
ITEMNAME:58 , 道具名称:編集機材
ITEMNAME:59 , 道具名称:進化の秘法
ITEMNAME:60 , 道具名称:ローション
ITEMNAME:61 , 道具名称:媚薬
ITEMNAME:62 , 道具名称:利尿剤
ITEMNAME:63 , 道具名称:坐剤
ITEMNAME:64 , 道具名称:排卵誘発剤
ITEMNAME:65 , 道具名称:緊急避妊薬
ITEMNAME:66 , 道具名称:현자의 피
ITEMNAME:67 , 道具名称:産卵促進剤
ITEMNAME:68 , 道具名称:陰核成長剤
ITEMNAME:69 , 道具名称:興奮剤
ITEMNAME:75 , 道具名称:ビデオテープ
ITEMNAME:76 , 道具名称:フィルム
ITEMNAME:77 , 道具名称:具材セット
ITEMNAME:78 , 道具名称:コンドーム
ITEMNAME:79 , 道具名称:抗菌綿棒
ITEMNAME:80 , 道具名称:低温蝋燭
ITEMNAME:81 , 道具名称:蓋付き瓶
ITEMNAME:82 , 道具名称:ヲトナのオムツ
ITEMNAME:95 , 道具名称:空晶石の首輪
ITEMNAME:96 , 道具名称:青珊瑚の指輪
ITEMNAME:97 , 道具名称:隷属の証
ITEMNAME:98 , 道具名称:赤い首輪
ITEMNAME:99 , 道具名称:エンゲージリング
ITEMNAME:100 , 道具名称:あなた
ITEMNAME:101 , 道具名称:霊夢
ITEMNAME:102 , 道具名称:魔理沙
ITEMNAME:103 , 道具名称:ルーミア
ITEMNAME:104 , 道具名称:大妖精
ITEMNAME:105 , 道具名称:チルノ
ITEMNAME:106 , 道具名称:美鈴
ITEMNAME:107 , 道具名称:小悪魔
ITEMNAME:108 , 道具名称:パチュリー
ITEMNAME:109 , 道具名称:咲夜
ITEMNAME:110 , 道具名称:レミリア
ITEMNAME:111 , 道具名称:フランドール
ITEMNAME:112 , 道具名称:レティ
ITEMNAME:113 , 道具名称:橙
ITEMNAME:114 , 道具名称:アリス
ITEMNAME:115 , 道具名称:リリーホワイト
ITEMNAME:116 , 道具名称:リリカ
ITEMNAME:117 , 道具名称:メルラン
ITEMNAME:118 , 道具名称:ルナサ
ITEMNAME:119 , 道具名称:妖夢
ITEMNAME:120 , 道具名称:幽々子
ITEMNAME:121 , 道具名称:藍
ITEMNAME:122 , 道具名称:紫
ITEMNAME:123 , 道具名称:萃香
ITEMNAME:124 , 道具名称:リグル
ITEMNAME:125 , 道具名称:ミスティア
ITEMNAME:126 , 道具名称:慧音
ITEMNAME:127 , 道具名称:てゐ
ITEMNAME:128 , 道具名称:鈴仙
ITEMNAME:129 , 道具名称:永琳
ITEMNAME:130 , 道具名称:輝夜
ITEMNAME:131 , 道具名称:妹紅
ITEMNAME:132 , 道具名称:文
ITEMNAME:133 , 道具名称:メディスン
ITEMNAME:134 , 道具名称:幽香
ITEMNAME:135 , 道具名称:小町
ITEMNAME:136 , 道具名称:映姫
ITEMNAME:137 , 道具名称:静葉
ITEMNAME:138 , 道具名称:穣子
ITEMNAME:139 , 道具名称:雛
ITEMNAME:140 , 道具名称:にとり
ITEMNAME:141 , 道具名称:椛
ITEMNAME:142 , 道具名称:早苗
ITEMNAME:143 , 道具名称:神奈子
ITEMNAME:144 , 道具名称:諏訪子
ITEMNAME:145 , 道具名称:サニーミルク
ITEMNAME:146 , 道具名称:ルナチャイルド
ITEMNAME:147 , 道具名称:スターサファイア
ITEMNAME:148 , 道具名称:阿求
ITEMNAME:149 , 道具名称:蓮子
ITEMNAME:150 , 道具名称:マエリベリー
ITEMNAME:151 , 道具名称:衣玖
ITEMNAME:152 , 道具名称:天子
ITEMNAME:153 , 道具名称:豊姫
ITEMNAME:154 , 道具名称:依姫
ITEMNAME:155 , 道具名称:レイセン
ITEMNAME:156 , 道具名称:リリーブラック
ITEMNAME:157 , 道具名称:キスメ
ITEMNAME:158 , 道具名称:ヤマメ
ITEMNAME:159 , 道具名称:パルスィ
ITEMNAME:160 , 道具名称:勇儀
ITEMNAME:161 , 道具名称:さとり
ITEMNAME:162 , 道具名称:お燐
ITEMNAME:163 , 道具名称:空
ITEMNAME:164 , 道具名称:こいし
ITEMNAME:165 , 道具名称:半霊
ITEMNAME:166 , 道具名称:上海人形
ITEMNAME:167 , 道具名称:蓬莱人形
ITEMNAME:168 , 道具名称:朱鷺子
ITEMNAME:169 , 道具名称:霖之助
ITEMNAME:170 , 道具名称:妖忌
ITEMNAME:171 , 道具名称:ナズーリン
ITEMNAME:172 , 道具名称:小傘
ITEMNAME:173 , 道具名称:一輪
ITEMNAME:174 , 道具名称:雲山
ITEMNAME:175 , 道具名称:ムラサ
ITEMNAME:176 , 道具名称:星
ITEMNAME:177 , 道具名称:白蓮
ITEMNAME:178 , 道具名称:ぬえ
ITEMNAME:197 , 道具名称:ゴリアテ人形
ITEMNAME:198 , 道具名称:レイラ
ITEMNAME:199 , 道具名称:半霊(忌)
ITEMNAME:200 , 道具名称:魅魔
ITEMNAME:201 , 道具名称:里香
ITEMNAME:202 , 道具名称:明羅
ITEMNAME:203 , 道具名称:エレン
ITEMNAME:204 , 道具名称:小兎姫
ITEMNAME:205 , 道具名称:カナ
ITEMNAME:206 , 道具名称:理香子
ITEMNAME:207 , 道具名称:ちゆり
ITEMNAME:208 , 道具名称:夢美
ITEMNAME:209 , 道具名称:オレンジ
ITEMNAME:210 , 道具名称:くるみ
ITEMNAME:211 , 道具名称:エリー
ITEMNAME:212 , 道具名称:夢月
ITEMNAME:213 , 道具名称:幻月
ITEMNAME:214 , 道具名称:サラ
ITEMNAME:215 , 道具名称:ルイズ
ITEMNAME:216 , 道具名称:ユキ
ITEMNAME:217 , 道具名称:マイ
ITEMNAME:218 , 道具名称:夢子
ITEMNAME:219 , 道具名称:神綺
ITEMNAME:221 , 道具名称:ユウゲンマガン
ITEMNAME:222 , 道具名称:エリス
ITEMNAME:224 , 道具名称:キクリ
ITEMNAME:225 , 道具名称:コンガラ
ITEMNAME:228 , 道具名称:ＶＩＶＩＴ
ITEMNAME:239 , 道具名称:伊佐美
ITEMNAME:240 , 道具名称:辰巳
ITEMNAME:241 , 道具名称:ルミ
ITEMNAME:242 , 道具名称:天治
ITEMNAME:249 , 道具名称:娘
ITEMNAME:250 , 道具名称:ひまわり妖精
ITEMNAME:251 , 道具名称:メイド妖精
ITEMNAME:252 , 道具名称:赤妖精
ITEMNAME:253 , 道具名称:青妖精
ITEMNAME:254 , 道具名称:緑妖精
ITEMNAME:255 , 道具名称:黄妖精
ITEMNAME:256 , 道具名称:ゾンビフェアリー
ITEMNAME:260 , 道具名称:黒ひまわり妖精
ITEMNAME:261 , 道具名称:黒メイド妖精
ITEMNAME:262 , 道具名称:朱妖精
ITEMNAME:263 , 道具名称:蒼妖精
ITEMNAME:264 , 道具名称:翠妖精
ITEMNAME:265 , 道具名称:金妖精
ITEMNAME:266 , 道具名称:黒呪精
ITEMNAME:270 , 道具名称:地上の兎
ITEMNAME:271 , 道具名称:里の人間
ITEMNAME:272 , 道具名称:アリスの人形
ITEMNAME:273 , 道具名称:魔界人
ITEMNAME:274 , 道具名称:鴉天狗
ITEMNAME:275 , 道具名称:白狼天狗
ITEMNAME:276 , 道具名称:ここぁ
ITEMNAME:277 , 道具名称:夜雀
ITEMNAME:278 , 道具名称:地獄鴉
ITEMNAME:279 , 道具名称:亡霊
ITEMNAME:280 , 道具名称:河童
ITEMNAME:281 , 道具名称:旧都鬼
ITEMNAME:282 , 道具名称:地獄鬼
ITEMNAME:283 , 道具名称:死神
ITEMNAME:284 , 道具名称:玉兎
ITEMNAME:285 , 道具名称:天人
ITEMNAME:300 , 道具名称:メイベル
ITEMNAME:301 , 道具名称:アリオーシュ
ITEMNAME:302 , 道具名称:ユナ
ITEMNAME:303 , 道具名称:キナコ
ITEMNAME:304 , 道具名称:烈美鈴
ITEMNAME:305 , 道具名称:ミルル
ITEMNAME:500 , 道具名称:霊夢様
ITEMNAME:501 , 道具名称:触手娘
ITEMNAME:502 , 道具名称:ドリアード
ITEMNAME:503 , 道具名称:リリーグレイ
ITEMNAME:520 , 道具名称:Ｓひまわり妖精
ITEMNAME:521 , 道具名称:Ｇゾンビフェアリー
ITEMNAME:522 , 道具名称:Ｏメイド妖精
ITEMNAME:523 , 道具名称:ロイヤルフレア
ITEMNAME:524 , 道具名称:サイレントセレナ
ITEMNAME:597 , 道具名称:地獄子
ITEMNAME:600 , 道具名称:カルーア
ITEMNAME:601 , 道具名称:ビール
ITEMNAME:602 , 道具名称:ワイン
ITEMNAME:603 , 道具名称:大吟醸酒
ITEMNAME:604 , 道具名称:スピリタス
ITEMNAME:605 , 道具名称:《神便鬼毒酒》

;●道具販売中へ変換
ITEMSALES:0 , 道具販売中:ローター
ITEMSALES:1 , 道具販売中:電気按摩
ITEMSALES:2 , 道具販売中:ペニスバンド
ITEMSALES:3 , 道具販売中:バイブ
ITEMSALES:7 , 道具販売中:ヴァギナ電極
ITEMSALES:8 , 道具販売中:クスコ
ITEMSALES:9 , 道具販売中:アナルバイブ
ITEMSALES:10 , 道具販売中:浣腸器具一式
ITEMSALES:11 , 道具販売中:アナルビーズ
ITEMSALES:12 , 道具販売中:空気ポンプ
ITEMSALES:13 , 道具販売中:拡張バルーン
ITEMSALES:14 , 道具販売中:電極プラグ
ITEMSALES:15 , 道具販売中:クリキャップ
ITEMSALES:16 , 道具販売中:オナホール
ITEMSALES:17 , 道具販売中:電極オナホール
ITEMSALES:18 , 道具販売中:陰核電極
ITEMSALES:19 , 道具販売中:リボン
ITEMSALES:20 , 道具販売中:ニプルキャップ
ITEMSALES:21 , 道具販売中:搾乳器
ITEMSALES:23 , 道具販売中:テープ付き電極
ITEMSALES:24 , 道具販売中:サラシ
ITEMSALES:25 , 道具販売中:カテーテル
ITEMSALES:26 , 道具販売中:採尿器
ITEMSALES:27 , 道具販売中:風船カテーテル
ITEMSALES:28 , 道具販売中:電極カテーテル
ITEMSALES:29 , 道具販売中:縄
ITEMSALES:30 , 道具販売中:アイマスク
ITEMSALES:31 , 道具販売中:ボールギャグ
ITEMSALES:32 , 道具販売中:鞭
ITEMSALES:33 , 道具販売中:針
ITEMSALES:34 , 道具販売中:強制開口器
ITEMSALES:35 , 道具販売中:鼻フック
ITEMSALES:36 , 道具販売中:豆つまみ
ITEMSALES:37 , 道具販売中:スタンガン
ITEMSALES:40 , 道具販売中:大鏡
ITEMSALES:41 , 道具販売中:首輪＋リード
ITEMSALES:42 , 道具販売中:プレイマット
ITEMSALES:43 , 道具販売中:プラカード
ITEMSALES:44 , 道具販売中:エプロン
ITEMSALES:45 , 道具販売中:スクール水着
ITEMSALES:46 , 道具販売中:聴診器
ITEMSALES:47 , 道具販売中:仮装衣装一式
ITEMSALES:48 , 道具販売中:特注日傘
ITEMSALES:50 , 道具販売中:ビデオカメラ
ITEMSALES:51 , 道具販売中:カメラ
ITEMSALES:52 , 道具販売中:マイク
ITEMSALES:53 , 道具販売中:注射セット
ITEMSALES:58 , 道具販売中:編集機材
ITEMSALES:59 , 道具販売中:進化の秘法
ITEMSALES:60 , 道具販売中:ローション
ITEMSALES:61 , 道具販売中:媚薬
ITEMSALES:62 , 道具販売中:利尿剤
ITEMSALES:63 , 道具販売中:坐剤
ITEMSALES:64 , 道具販売中:排卵誘発剤
ITEMSALES:65 , 道具販売中:緊急避妊薬
ITEMSALES:66 , 道具販売中:強精神薬
ITEMSALES:67 , 道具販売中:産卵促進剤
ITEMSALES:68 , 道具販売中:陰核成長剤
ITEMSALES:69 , 道具販売中:興奮剤
ITEMSALES:75 , 道具販売中:ビデオテープ
ITEMSALES:76 , 道具販売中:フィルム
ITEMSALES:77 , 道具販売中:具材セット
ITEMSALES:78 , 道具販売中:コンドーム
ITEMSALES:79 , 道具販売中:抗菌綿棒
ITEMSALES:80 , 道具販売中:低温蝋燭
ITEMSALES:81 , 道具販売中:蓋付き瓶
ITEMSALES:82 , 道具販売中:ヲトナのオムツ
ITEMSALES:95 , 道具販売中:空晶石の首輪
ITEMSALES:96 , 道具販売中:青珊瑚の指輪
ITEMSALES:97 , 道具販売中:隷属の証
ITEMSALES:98 , 道具販売中:赤い首輪
ITEMSALES:99 , 道具販売中:エンゲージリング
ITEMSALES:100 , 道具販売中:あなた
ITEMSALES:101 , 道具販売中:霊夢
ITEMSALES:102 , 道具販売中:魔理沙
ITEMSALES:103 , 道具販売中:ルーミア
ITEMSALES:104 , 道具販売中:大妖精
ITEMSALES:105 , 道具販売中:チルノ
ITEMSALES:106 , 道具販売中:美鈴
ITEMSALES:107 , 道具販売中:小悪魔
ITEMSALES:108 , 道具販売中:パチュリー
ITEMSALES:109 , 道具販売中:咲夜
ITEMSALES:110 , 道具販売中:レミリア
ITEMSALES:111 , 道具販売中:フランドール
ITEMSALES:112 , 道具販売中:レティ
ITEMSALES:113 , 道具販売中:橙
ITEMSALES:114 , 道具販売中:アリス
ITEMSALES:115 , 道具販売中:リリーホワイト
ITEMSALES:116 , 道具販売中:リリカ
ITEMSALES:117 , 道具販売中:メルラン
ITEMSALES:118 , 道具販売中:ルナサ
ITEMSALES:119 , 道具販売中:妖夢
ITEMSALES:120 , 道具販売中:幽々子
ITEMSALES:121 , 道具販売中:藍
ITEMSALES:122 , 道具販売中:紫
ITEMSALES:123 , 道具販売中:萃香
ITEMSALES:124 , 道具販売中:リグル
ITEMSALES:125 , 道具販売中:ミスティア
ITEMSALES:126 , 道具販売中:慧音
ITEMSALES:127 , 道具販売中:てゐ
ITEMSALES:128 , 道具販売中:鈴仙
ITEMSALES:129 , 道具販売中:永琳
ITEMSALES:130 , 道具販売中:輝夜
ITEMSALES:131 , 道具販売中:妹紅
ITEMSALES:132 , 道具販売中:文
ITEMSALES:133 , 道具販売中:メディスン
ITEMSALES:134 , 道具販売中:幽香
ITEMSALES:135 , 道具販売中:小町
ITEMSALES:136 , 道具販売中:映姫
ITEMSALES:137 , 道具販売中:静葉
ITEMSALES:138 , 道具販売中:穣子
ITEMSALES:139 , 道具販売中:雛
ITEMSALES:140 , 道具販売中:にとり
ITEMSALES:141 , 道具販売中:椛
ITEMSALES:142 , 道具販売中:早苗
ITEMSALES:143 , 道具販売中:神奈子
ITEMSALES:144 , 道具販売中:諏訪子
ITEMSALES:145 , 道具販売中:サニーミルク
ITEMSALES:146 , 道具販売中:ルナチャイルド
ITEMSALES:147 , 道具販売中:スターサファイア
ITEMSALES:148 , 道具販売中:阿求
ITEMSALES:149 , 道具販売中:蓮子
ITEMSALES:150 , 道具販売中:マエリベリー
ITEMSALES:151 , 道具販売中:衣玖
ITEMSALES:152 , 道具販売中:天子
ITEMSALES:153 , 道具販売中:豊姫
ITEMSALES:154 , 道具販売中:依姫
ITEMSALES:155 , 道具販売中:レイセン
ITEMSALES:156 , 道具販売中:リリーブラック
ITEMSALES:157 , 道具販売中:キスメ
ITEMSALES:158 , 道具販売中:ヤマメ
ITEMSALES:159 , 道具販売中:パルスィ
ITEMSALES:160 , 道具販売中:勇儀
ITEMSALES:161 , 道具販売中:さとり
ITEMSALES:162 , 道具販売中:お燐
ITEMSALES:163 , 道具販売中:空
ITEMSALES:164 , 道具販売中:こいし
ITEMSALES:165 , 道具販売中:半霊
ITEMSALES:166 , 道具販売中:上海人形
ITEMSALES:167 , 道具販売中:蓬莱人形
ITEMSALES:168 , 道具販売中:朱鷺子
ITEMSALES:169 , 道具販売中:霖之助
ITEMSALES:170 , 道具販売中:妖忌
ITEMSALES:171 , 道具販売中:ナズーリン
ITEMSALES:172 , 道具販売中:小傘
ITEMSALES:173 , 道具販売中:一輪
ITEMSALES:174 , 道具販売中:雲山
ITEMSALES:175 , 道具販売中:ムラサ
ITEMSALES:176 , 道具販売中:星
ITEMSALES:177 , 道具販売中:白蓮
ITEMSALES:178 , 道具販売中:ぬえ
ITEMSALES:197 , 道具販売中:ゴリアテ人形
ITEMSALES:198 , 道具販売中:レイラ
ITEMSALES:199 , 道具販売中:半霊(忌)
ITEMSALES:200 , 道具販売中:魅魔
ITEMSALES:201 , 道具販売中:里香
ITEMSALES:202 , 道具販売中:明羅
ITEMSALES:203 , 道具販売中:エレン
ITEMSALES:204 , 道具販売中:小兎姫
ITEMSALES:205 , 道具販売中:カナ
ITEMSALES:206 , 道具販売中:理香子
ITEMSALES:207 , 道具販売中:ちゆり
ITEMSALES:208 , 道具販売中:夢美
ITEMSALES:209 , 道具販売中:オレンジ
ITEMSALES:210 , 道具販売中:くるみ
ITEMSALES:211 , 道具販売中:エリー
ITEMSALES:212 , 道具販売中:夢月
ITEMSALES:213 , 道具販売中:幻月
ITEMSALES:214 , 道具販売中:サラ
ITEMSALES:215 , 道具販売中:ルイズ
ITEMSALES:216 , 道具販売中:ユキ
ITEMSALES:217 , 道具販売中:マイ
ITEMSALES:218 , 道具販売中:夢子
ITEMSALES:219 , 道具販売中:神綺
ITEMSALES:221 , 道具販売中:ユウゲンマガン
ITEMSALES:222 , 道具販売中:エリス
ITEMSALES:224 , 道具販売中:キクリ
ITEMSALES:225 , 道具販売中:コンガラ
ITEMSALES:228 , 道具販売中:ＶＩＶＩＴ
ITEMSALES:239 , 道具販売中:伊佐美
ITEMSALES:240 , 道具販売中:辰巳
ITEMSALES:241 , 道具販売中:ルミ
ITEMSALES:242 , 道具販売中:天治
ITEMSALES:249 , 道具販売中:娘
ITEMSALES:250 , 道具販売中:ひまわり妖精
ITEMSALES:251 , 道具販売中:メイド妖精
ITEMSALES:252 , 道具販売中:赤妖精
ITEMSALES:253 , 道具販売中:青妖精
ITEMSALES:254 , 道具販売中:緑妖精
ITEMSALES:255 , 道具販売中:黄妖精
ITEMSALES:256 , 道具販売中:ゾンビフェアリー
ITEMSALES:260 , 道具販売中:黒ひまわり妖精
ITEMSALES:261 , 道具販売中:黒メイド妖精
ITEMSALES:262 , 道具販売中:朱妖精
ITEMSALES:263 , 道具販売中:蒼妖精
ITEMSALES:264 , 道具販売中:翠妖精
ITEMSALES:265 , 道具販売中:金妖精
ITEMSALES:266 , 道具販売中:黒呪精
ITEMSALES:270 , 道具販売中:地上の兎
ITEMSALES:271 , 道具販売中:里の人間
ITEMSALES:272 , 道具販売中:アリスの人形
ITEMSALES:273 , 道具販売中:魔界人
ITEMSALES:274 , 道具販売中:鴉天狗
ITEMSALES:275 , 道具販売中:白狼天狗
ITEMSALES:276 , 道具販売中:ここぁ
ITEMSALES:277 , 道具販売中:夜雀
ITEMSALES:278 , 道具販売中:地獄鴉
ITEMSALES:279 , 道具販売中:亡霊
ITEMSALES:280 , 道具販売中:河童
ITEMSALES:281 , 道具販売中:旧都鬼
ITEMSALES:282 , 道具販売中:地獄鬼
ITEMSALES:283 , 道具販売中:死神
ITEMSALES:284 , 道具販売中:玉兎
ITEMSALES:285 , 道具販売中:天人
ITEMSALES:300 , 道具販売中:メイベル
ITEMSALES:301 , 道具販売中:アリオーシュ
ITEMSALES:302 , 道具販売中:ユナ
ITEMSALES:303 , 道具販売中:キナコ
ITEMSALES:304 , 道具販売中:烈美鈴
ITEMSALES:305 , 道具販売中:ミルル
ITEMSALES:500 , 道具販売中:霊夢様
ITEMSALES:501 , 道具販売中:触手娘
ITEMSALES:502 , 道具販売中:ドリアード
ITEMSALES:503 , 道具販売中:リリーグレイ
ITEMSALES:520 , 道具販売中:Ｓひまわり妖精
ITEMSALES:521 , 道具販売中:Ｇゾンビフェアリー
ITEMSALES:522 , 道具販売中:Ｏメイド妖精
ITEMSALES:523 , 道具販売中:ロイヤルフレア
ITEMSALES:524 , 道具販売中:サイレントセレナ
ITEMSALES:597 , 道具販売中:地獄子
ITEMSALES:600 , 道具販売中:カルーア
ITEMSALES:601 , 道具販売中:ビール
ITEMSALES:602 , 道具販売中:ワイン
ITEMSALES:603 , 道具販売中:大吟醸酒
ITEMSALES:604 , 道具販売中:スピリタス
ITEMSALES:605 , 道具販売中:《神便鬼毒酒》

;●刻印名称へ変換
MARKNAME:0 , 刻印名称:苦痛刻印
MARKNAME:1 , 刻印名称:快楽刻印
MARKNAME:2 , 刻印名称:屈服刻印
MARKNAME:3 , 刻印名称:薬物刻印
MARKNAME:8 , 刻印名称:恐怖刻印
MARKNAME:9 , 刻印名称:反発刻印
MARKNAME:10 , 刻印名称:不死刻印

;●刻印:調教者へ変換
MARK:PLAYER:0 , 刻印:調教者:苦痛刻印
MARK:PLAYER:1 , 刻印:調教者:快楽刻印
MARK:PLAYER:2 , 刻印:調教者:屈服刻印
MARK:PLAYER:3 , 刻印:調教者:薬物刻印
MARK:PLAYER:8 , 刻印:調教者:恐怖刻印
MARK:PLAYER:9 , 刻印:調教者:反発刻印
MARK:PLAYER:10 , 刻印:調教者:不死刻印

;●刻印:主人へ変換
MARK:MASTER:0 , 刻印:主人:苦痛刻印
MARK:MASTER:1 , 刻印:主人:快楽刻印
MARK:MASTER:2 , 刻印:主人:屈服刻印
MARK:MASTER:3 , 刻印:主人:薬物刻印
MARK:MASTER:8 , 刻印:主人:恐怖刻印
MARK:MASTER:9 , 刻印:主人:反発刻印
MARK:MASTER:10 , 刻印:主人:不死刻印

;●刻印:助手へ変換
MARK:ASSI:0 , 刻印:助手:苦痛刻印
MARK:ASSI:1 , 刻印:助手:快楽刻印
MARK:ASSI:2 , 刻印:助手:屈服刻印
MARK:ASSI:3 , 刻印:助手:薬物刻印
MARK:ASSI:8 , 刻印:助手:恐怖刻印
MARK:ASSI:9 , 刻印:助手:反発刻印
MARK:ASSI:10 , 刻印:助手:不死刻印

;●刻印:奴隷へ変換
MARK:TARGET:0 , 刻印:奴隷:苦痛刻印
MARK:TARGET:1 , 刻印:奴隷:快楽刻印
MARK:TARGET:2 , 刻印:奴隷:屈服刻印
MARK:TARGET:3 , 刻印:奴隷:薬物刻印
MARK:TARGET:8 , 刻印:奴隷:恐怖刻印
MARK:TARGET:9 , 刻印:奴隷:反発刻印
MARK:TARGET:10 , 刻印:奴隷:不死刻印

;●パラ名称へ変換
PALAMNAME:0 , パラ名称:快Ｃ
PALAMNAME:1 , パラ名称:快Ｖ
PALAMNAME:2 , パラ名称:快Ａ
PALAMNAME:3 , パラ名称:快Ｂ
PALAMNAME:10 , パラ名称:潤滑
PALAMNAME:11 , パラ名称:習得
PALAMNAME:12 , パラ名称:恭順
PALAMNAME:13 , パラ名称:欲情
PALAMNAME:14 , パラ名称:屈服
PALAMNAME:15 , パラ名称:恥情
PALAMNAME:16 , パラ名称:苦痛
PALAMNAME:17 , パラ名称:恐怖
PALAMNAME:20 , パラ名称:反感
PALAMNAME:21 , パラ名称:不快
PALAMNAME:22 , パラ名称:抑鬱
PALAMNAME:30 , パラ名称:薬毒
PALAMNAME:31 , パラ名称:侵蝕
PALAMNAME:32 , パラ名称:先導
PALAMNAME:100 , パラ名称:否定
PALAMNAME:198 , パラ名称:触手

;●パラ:調教者へ変換
PALAM:PLAYER:0 , パラ:調教者:快Ｃ
PALAM:PLAYER:1 , パラ:調教者:快Ｖ
PALAM:PLAYER:2 , パラ:調教者:快Ａ
PALAM:PLAYER:3 , パラ:調教者:快Ｂ
PALAM:PLAYER:10 , パラ:調教者:潤滑
PALAM:PLAYER:11 , パラ:調教者:習得
PALAM:PLAYER:12 , パラ:調教者:恭順
PALAM:PLAYER:13 , パラ:調教者:欲情
PALAM:PLAYER:14 , パラ:調教者:屈服
PALAM:PLAYER:15 , パラ:調教者:恥情
PALAM:PLAYER:16 , パラ:調教者:苦痛
PALAM:PLAYER:17 , パラ:調教者:恐怖
PALAM:PLAYER:20 , パラ:調教者:反感
PALAM:PLAYER:21 , パラ:調教者:不快
PALAM:PLAYER:22 , パラ:調教者:抑鬱
PALAM:PLAYER:30 , パラ:調教者:薬毒
PALAM:PLAYER:31 , パラ:調教者:侵蝕
PALAM:PLAYER:32 , パラ:調教者:先導
PALAM:PLAYER:100 , パラ:調教者:否定
PALAM:PLAYER:198 , パラ:調教者:触手

;●パラ:主人へ変換
PALAM:MASTER:0 , パラ:主人:快Ｃ
PALAM:MASTER:1 , パラ:主人:快Ｖ
PALAM:MASTER:2 , パラ:主人:快Ａ
PALAM:MASTER:3 , パラ:主人:快Ｂ
PALAM:MASTER:10 , パラ:主人:潤滑
PALAM:MASTER:11 , パラ:主人:習得
PALAM:MASTER:12 , パラ:主人:恭順
PALAM:MASTER:13 , パラ:主人:欲情
PALAM:MASTER:14 , パラ:主人:屈服
PALAM:MASTER:15 , パラ:主人:恥情
PALAM:MASTER:16 , パラ:主人:苦痛
PALAM:MASTER:17 , パラ:主人:恐怖
PALAM:MASTER:20 , パラ:主人:反感
PALAM:MASTER:21 , パラ:主人:不快
PALAM:MASTER:22 , パラ:主人:抑鬱
PALAM:MASTER:30 , パラ:主人:薬毒
PALAM:MASTER:31 , パラ:主人:侵蝕
PALAM:MASTER:32 , パラ:主人:先導
PALAM:MASTER:100 , パラ:主人:否定
PALAM:MASTER:198 , パラ:主人:触手

;●パラ:助手へ変換
PALAM:ASSI:0 , パラ:助手:快Ｃ
PALAM:ASSI:1 , パラ:助手:快Ｖ
PALAM:ASSI:2 , パラ:助手:快Ａ
PALAM:ASSI:3 , パラ:助手:快Ｂ
PALAM:ASSI:10 , パラ:助手:潤滑
PALAM:ASSI:11 , パラ:助手:習得
PALAM:ASSI:12 , パラ:助手:恭順
PALAM:ASSI:13 , パラ:助手:欲情
PALAM:ASSI:14 , パラ:助手:屈服
PALAM:ASSI:15 , パラ:助手:恥情
PALAM:ASSI:16 , パラ:助手:苦痛
PALAM:ASSI:17 , パラ:助手:恐怖
PALAM:ASSI:20 , パラ:助手:反感
PALAM:ASSI:21 , パラ:助手:不快
PALAM:ASSI:22 , パラ:助手:抑鬱
PALAM:ASSI:30 , パラ:助手:薬毒
PALAM:ASSI:31 , パラ:助手:侵蝕
PALAM:ASSI:32 , パラ:助手:先導
PALAM:ASSI:100 , パラ:助手:否定
PALAM:ASSI:198 , パラ:助手:触手

;●パラ:奴隷へ変換
PALAM:TARGET:0 , パラ:奴隷:快Ｃ
PALAM:TARGET:1 , パラ:奴隷:快Ｖ
PALAM:TARGET:2 , パラ:奴隷:快Ａ
PALAM:TARGET:3 , パラ:奴隷:快Ｂ
PALAM:TARGET:10 , パラ:奴隷:潤滑
PALAM:TARGET:11 , パラ:奴隷:習得
PALAM:TARGET:12 , パラ:奴隷:恭順
PALAM:TARGET:13 , パラ:奴隷:欲情
PALAM:TARGET:14 , パラ:奴隷:屈服
PALAM:TARGET:15 , パラ:奴隷:恥情
PALAM:TARGET:16 , パラ:奴隷:苦痛
PALAM:TARGET:17 , パラ:奴隷:恐怖
PALAM:TARGET:20 , パラ:奴隷:反感
PALAM:TARGET:21 , パラ:奴隷:不快
PALAM:TARGET:22 , パラ:奴隷:抑鬱
PALAM:TARGET:30 , パラ:奴隷:薬毒
PALAM:TARGET:31 , パラ:奴隷:侵蝕
PALAM:TARGET:32 , パラ:奴隷:先導
PALAM:TARGET:100 , パラ:奴隷:否定
PALAM:TARGET:198 , パラ:奴隷:触手

;●パラ上昇へ変換
UP:0 , パラ上昇:快Ｃ
UP:1 , パラ上昇:快Ｖ
UP:2 , パラ上昇:快Ａ
UP:3 , パラ上昇:快Ｂ
UP:10 , パラ上昇:潤滑
UP:11 , パラ上昇:習得
UP:12 , パラ上昇:恭順
UP:13 , パラ上昇:欲情
UP:14 , パラ上昇:屈服
UP:15 , パラ上昇:恥情
UP:16 , パラ上昇:苦痛
UP:17 , パラ上昇:恐怖
UP:20 , パラ上昇:反感
UP:21 , パラ上昇:不快
UP:22 , パラ上昇:抑鬱
UP:30 , パラ上昇:薬毒
UP:31 , パラ上昇:侵蝕
UP:32 , パラ上昇:先導
UP:100 , パラ上昇:否定
UP:198 , パラ上昇:触手

;●パラ下降へ変換
DOWN:0 , パラ下降:快Ｃ
DOWN:1 , パラ下降:快Ｖ
DOWN:2 , パラ下降:快Ａ
DOWN:3 , パラ下降:快Ｂ
DOWN:10 , パラ下降:潤滑
DOWN:11 , パラ下降:習得
DOWN:12 , パラ下降:恭順
DOWN:13 , パラ下降:欲情
DOWN:14 , パラ下降:屈服
DOWN:15 , パラ下降:恥情
DOWN:16 , パラ下降:苦痛
DOWN:17 , パラ下降:恐怖
DOWN:20 , パラ下降:反感
DOWN:21 , パラ下降:不快
DOWN:22 , パラ下降:抑鬱
DOWN:30 , パラ下降:薬毒
DOWN:31 , パラ下降:侵蝕
DOWN:32 , パラ下降:先導
DOWN:100 , パラ下降:否定
DOWN:198 , パラ下降:触手

;●根源へ変換
SOURCE:0 , 根源:快Ｃ
SOURCE:1 , 根源:快Ｖ
SOURCE:2 , 根源:快Ａ
SOURCE:3 , 根源:快Ｂ
SOURCE:10 , 根源:接触
SOURCE:11 , 根源:情愛
SOURCE:12 , 根源:露出
SOURCE:14 , 根源:主導権
SOURCE:15 , 根源:性行動
SOURCE:16 , 根源:達成感
SOURCE:17 , 根源:恭順追加
SOURCE:18 , 根源:欲情追加
SOURCE:19 , 根源:液体追加
SOURCE:20 , 根源:痛み
SOURCE:21 , 根源:痒み
SOURCE:22 , 根源:屈従
SOURCE:23 , 根源:支配
SOURCE:24 , 根源:中毒充足
SOURCE:25 , 根源:トラウマ
SOURCE:26 , 根源:薬物浸潤
SOURCE:27 , 根源:触手汚染
SOURCE:30 , 根源:不潔
SOURCE:31 , 根源:逸脱
SOURCE:32 , 根源:反感追加
SOURCE:40 , 根源:酒酔い
SOURCE:41 , 根源:鬼殺し

;●通算絶頂回数へ変換
EX:0 , 通算絶頂回数:Ｃ絶頂
EX:1 , 通算絶頂回数:Ｖ絶頂
EX:2 , 通算絶頂回数:Ａ絶頂
EX:3 , 通算絶頂回数:Ｂ絶頂
EX:10 , 通算絶頂回数:噴乳
EX:11 , 通算絶頂回数:射精
EX:12 , 通算絶頂回数:放尿
EX:13 , 通算絶頂回数:精飲
EX:20 , 通算絶頂回数:Ｃ寸止め累積数
EX:21 , 通算絶頂回数:Ｖ寸止め累積数
EX:22 , 通算絶頂回数:Ａ寸止め累積数
EX:23 , 通算絶頂回数:Ｂ寸止め累積数
EX:30 , 通算絶頂回数:射精寸止め累積数
EX:31 , 通算絶頂回数:噴乳寸止め累積数
EX:32 , 通算絶頂回数:放尿寸止め累積数
EX:40 , 通算絶頂回数:空撃ち射精累積数
EX:41 , 通算絶頂回数:寸止め失敗絶頂
EX:42 , 通算絶頂回数:寸止め自慰絶頂

;●調教絶頂回数へ変換
NOWEX:0 , 調教絶頂回数:Ｃ絶頂
NOWEX:1 , 調教絶頂回数:Ｖ絶頂
NOWEX:2 , 調教絶頂回数:Ａ絶頂
NOWEX:3 , 調教絶頂回数:Ｂ絶頂
NOWEX:10 , 調教絶頂回数:噴乳
NOWEX:11 , 調教絶頂回数:射精
NOWEX:12 , 調教絶頂回数:放尿
NOWEX:13 , 調教絶頂回数:精飲
NOWEX:20 , 調教絶頂回数:Ｃ寸止め累積数
NOWEX:21 , 調教絶頂回数:Ｖ寸止め累積数
NOWEX:22 , 調教絶頂回数:Ａ寸止め累積数
NOWEX:23 , 調教絶頂回数:Ｂ寸止め累積数
NOWEX:30 , 調教絶頂回数:射精寸止め累積数
NOWEX:31 , 調教絶頂回数:噴乳寸止め累積数
NOWEX:32 , 調教絶頂回数:放尿寸止め累積数
NOWEX:40 , 調教絶頂回数:空撃ち射精累積数
NOWEX:41 , 調教絶頂回数:寸止め失敗絶頂
NOWEX:42 , 調教絶頂回数:寸止め自慰絶頂

;●汚れへ変換
STAIN:0 , 汚れ:口
STAIN:1 , 汚れ:手
STAIN:2 , 汚れ:ペニス
STAIN:3 , 汚れ:ヴァギナ
STAIN:4 , 汚れ:アナル
STAIN:5 , 汚れ:胸
STAIN:6 , 汚れ:足
STAIN:7 , 汚れ:髪

;●汚れ:調教者へ変換
STAIN:PLAYER:0 , 汚れ:調教者:口
STAIN:PLAYER:1 , 汚れ:調教者:手
STAIN:PLAYER:2 , 汚れ:調教者:ペニス
STAIN:PLAYER:3 , 汚れ:調教者:ヴァギナ
STAIN:PLAYER:4 , 汚れ:調教者:アナル
STAIN:PLAYER:5 , 汚れ:調教者:胸
STAIN:PLAYER:6 , 汚れ:調教者:足
STAIN:PLAYER:7 , 汚れ:調教者:髪

;●汚れ:主人へ変換
STAIN:MASTER:0 , 汚れ:主人:口
STAIN:MASTER:1 , 汚れ:主人:手
STAIN:MASTER:2 , 汚れ:主人:ペニス
STAIN:MASTER:3 , 汚れ:主人:ヴァギナ
STAIN:MASTER:4 , 汚れ:主人:アナル
STAIN:MASTER:5 , 汚れ:主人:胸
STAIN:MASTER:6 , 汚れ:主人:足
STAIN:MASTER:7 , 汚れ:主人:髪

;●汚れ:助手へ変換
STAIN:ASSI:0 , 汚れ:助手:口
STAIN:ASSI:1 , 汚れ:助手:手
STAIN:ASSI:2 , 汚れ:助手:ペニス
STAIN:ASSI:3 , 汚れ:助手:ヴァギナ
STAIN:ASSI:4 , 汚れ:助手:アナル
STAIN:ASSI:5 , 汚れ:助手:胸
STAIN:ASSI:6 , 汚れ:助手:足
STAIN:ASSI:7 , 汚れ:助手:髪

;●汚れ:奴隷へ変換
STAIN:TARGET:0 , 汚れ:奴隷:口
STAIN:TARGET:1 , 汚れ:奴隷:手
STAIN:TARGET:2 , 汚れ:奴隷:ペニス
STAIN:TARGET:3 , 汚れ:奴隷:ヴァギナ
STAIN:TARGET:4 , 汚れ:奴隷:アナル
STAIN:TARGET:5 , 汚れ:奴隷:胸
STAIN:TARGET:6 , 汚れ:奴隷:足
STAIN:TARGET:7 , 汚れ:奴隷:髪
