	;0～49번…조교 아이템, 조교 강화 도구류
0,로터,200,
1,전기안마기,5000,
2,페니스밴드,2000,
3,바이브,500,
4,바기나바벨,6000,거기를 단련하기 위한 기구이지만 실제론 아날에도 사용할 수 있다
5,바기나벌룬,30000,
6,애액채집기,18000,;販売用愛液の採集に使える
7,바기나전극,50000,;ヴァギナを電気責めは上級者向き？
8,쿠스코,10000,;
9,애널바이브,8000,
10,관장용구일체,9000,
11,애널비즈,5000,
12,공기펌프,10000,
13,확장벌룬,30000,
14,전극플러그,50000,
15,클리캡,2000,
16,오나홀,4000,
17,전극오나홀,45000,;電流を流すことができるオナホール
18,음핵전극,40000,;陰核に装着可能な電極
19,리본,1000,;射精止めが可能になる。きつく巻いても安心
20,유두캡,3000,
21,착유기,15000,
;22,(Ｂ系調教道具),0,(자리 확보용)
23,테이프첨부전극,40000,;乳房に電極を貼り付けての調教が可能になる
24,사라시,2000,;奴隷の胸にサラシを巻くことができるようになる
25,카테터,50000,;尿道開発用のカテーテルと洗浄液のセット
26,채뇨기,20000,;
27,풍선카테터,60000,;尿道拡張用のバルーンカテーテル
28,전극카테터,80000,;尿道開発用のカテーテルに電極を取り付けてみたもの
29,밧줄,3000,
30,아이마스크,4000,
31,볼재갈,1000,
32,채찍,200,
33,바늘,3000,
34,강제개구기,20000,
35,코집게,8000,
36,빨래집게,5000,;別名：ボディークリップ。バネが弱い調教用の洗濯バサミ。セットなので複数個所挟めます
37,스턴건,30000,;バチィ！ってやるアレ
38,요도비즈,5000
39,요도바이브,10000
40,큰거울,30000,;羞恥プレイが可能になる
41,개목걸이＋목줄,5000,;野外プレイが可能になる
42,플레이매트,5000,;お風呂場でプレイの幅が広がる
43,플래카드,4500,;公衆便所プレイをするために必要
44,에이프런,50000,;新妻プレイが可能になる
45,학교수영복,50000,;スク水プレイが可能になる。フリーサイズ
46,청진기,7000,;お医者プレイが可能になる
47,가장의상일체,500000,;コスチュームプレイが可能になる。フリーサイズ
48,특주양산,20000,;誰かさんが昼間でも野外に出ることが可能になる。
49,목욕탕용대거울,40000,;曇り防止処理が施された鏡。風呂場での羞恥プレイが可能になる
50,비디오카메라,10000,
51,카메라,5000,;写真撮影が可能になる。フィルムとセットで使用
52,마이크,8000,;野外ライブを開くことができる
53,주사기세트,250000,;
58,편집기재,50000,;ビデオ売却価格が上がる
59,진화의 비법,10000,;触手を紳士的に進化させることを可能にする
	;60～74번대…소모품(약품류)
60,로션,200,
61,미약,2000,
62,이뇨제,1000,
63,좌약,1000,;座薬挿入に必要
64,배란유도제,50000,;孕ませるのもまた愛の形
65,긴급피임약,2000,;モーニングアフターピルのこと。中出ししたいけど妊娠は嫌だというわがままさん向け
66,현자의 피,1000,;커맨드 「현자의 피」를 위해서 필요
67,산란촉진제,75000,;調教終了時に[卵生][産卵体質]のキャラは卵を産むようになる
68,음핵성장제,3000,;陰核肥大化を促進させる一部コマンドが使用可能になる
69,흥분제,2000,;コマンド「興奮剤」に必要。
70,감각증폭약,1500,;タブレット菓子で強烈な清涼感がある…のをお尻に挿入する（使用後においしく頂いたら…）
	;75～89번대…소모품(그 외)
75,비디오테이프,500,;ビデオカメラの使用に必要。使い捨て
76,필름,700,;写真撮影で使用。使い捨て
77,식기세트,2000,;女体盛りを実行するために必要
78,콘돔,100,;避妊することこそ愛
79,항균면봉,5,;尿道調教にも使える清潔な綿棒。使い捨て
80,저온촛불,1500,;蝋燭プレイに必要。素肌を傷つけない優れもの。ただし高い値段の割に使い捨て
81,뚜껑달린병,1000,;母乳や黄金水を採取するために必要
82,어른용기저귀,100,;ベビープレイに必要。使い捨て
83,프리스크,1500,;タブレット菓子で強烈な清涼感がある…のをお尻に挿入する（使用後においしく頂いたら…）
	;90번 이후…특수한 아이템 등(엔딩 관련품 외)
90,창관,100000,;奴隷に春を売らせます(Sパッチ未実装につきコメントアウト)
95,공정석목걸이,1000000,;能力のある者にこそ、多くの美が集う
96,청산호의반지,1000000,;能力のある者だけが多くを侍らせ、愛する資格を持つ
97,노예의 증표,100000,;永遠に主人の妾となる誓いを立てた証
98,붉은 개목걸이,1000000,;主人の専属奴隷となる契約を立てた証
99,약혼 반지,1000000,;すべてを捨てて、愛しのあの子と添い遂げる
	;100번 이후…캐릭터 카드
100,당신,1000,;주인공(?) · 비매품
101,레이무,1000,
102,마리사,500,
103,루미아,300,
104,대요정,200,
105,치르노,500,
106,메이링,1000,
107,소악마,200,
108,파츄리,2500,
109,사쿠야,5000,
110,레밀리아,12000,
111,플랑드르,15000,
112,레티,800,
113,첸,500,
114,앨리스,1500,
115,릴리화이트,500,
116,리리카,1200,
117,메를랑,1200,
118,루나사,1200,
119,요우무,5000,
120,유유코,15000,
121,란,10000,
122,유카리,20000,
123,스이카,8000,
124,리글,300,
125,미스티아,800,
126,케이네,1500,
127,테위,1000,
128,레이센,2500,
129,에이린,18000,
130,카구야,15000,
131,모코우,15000,
132,아야,1000,
133,메디슨,500,
134,유카,10000,
135,코마치,10000,
136,에이키,18000,
137,시즈하,800,
138,미노리코,800,
139,히나,500,
140,니토리,1000,
141,모미지,500,
142,사나에,2500,
143,카나코,20000,
144,스와코,20000,
145,서니 밀크,500,
146,루나 차일드,500,
147,스타 사파이어,500,
148,아큐,1500,
149,렌코,2000,
150,메리,2000,
151,이쿠,10000,
152,텐시,15000,
153,토요히메,5000,
154,요리히메,5000,
155,레이센2호,800,
156,릴리블랙,1000,
157,키스메,500,
158,야마메,1500,
159,파르시,2000,
160,유우기,8000,
161,사토리,15000,
162,오린,2500,
163,우츠호,5000,
164,코이시,12000,
165,반령(요우무),500,
166,상하이인형,500,
167,호라이인형,500,
168,토키코,400,
169,린노스케,500,
170,요우키,4000,
171,나즈린,300,
172,코가사,500,
173,이치린,1500,
174,운잔,2000,
175,무라사,3000,
176,쇼우,10000,
177,뱌쿠렌,20000,
178,누에,25000,
179,하타테,800,
180,카센,10000,
181,쿄코,1500,
182,요시카,3000,
183,청아,10000,
184,토지코,12000,
185,후토,12000,
186,미코,20000
187,마미조,25000,
188,코스즈,1500
189,코코로,10000
;195,메기 님,10000,
196,오오에도인형,500,
197,골리아테인형,1500,
198,레이라,2500,
199,반령(요우키),800,
	;200～구작 캐릭터
200,미마,5000,
201,리카,5000,
202,메이라,2500,
203,엘렌,1500,
204,코토히메,1000,
205,카나,2000,
206,리카코,1000,
207,치유리,6000,
208,유메미,10000,
209,오렌지,500,
210,쿠루미,1500,
211,엘리,3000,
212,무게츠,15000,
213,겐게츠,15000,
214,사라,2000,
215,루이즈,3000,
216,유키,5000,
217,마이,5000,
218,유메코,8000,
219,신키,20000,
220,신교쿠,2500,
221,유겐마간,5000,
222,엘리스,10000,
223,사리엘,15000,
224,키쿠리,10000,
225,콘가라,15000,
226,겐지,9000
227,루～코토,8000,
	;228～서방 캐릭터
228,VIVIT,5000,
229,히라노,1000,
230,밀리아,5000,
;231,메이,0,
;232,마이,0,
;233,게이츠,0,
234,마리,8000,
;235,에리히,0,
236,비비트,5000,
;237,모건,0,
;238,뮤즈,0,
	;239～황혼 캐릭터
239,이사미,500,
240,타츠미,1000,
241,루미,2500,
242,텐지,10000,
	;245～예비용 자리
;246,겐 영감,7000,;거부우우욱―!
247,린,5000
248,아들,1500,;(자리 확보용)
249,딸,1500,;(자리 확보용)
	;250～무명 캐릭터 외
250,해바라기요정,200,
251,메이드요정,200,
252,빨강요정,200,
253,파랑요정,200,
254,초록요정,200,
255,노랑요정,200,
256,좀비페어리,1000,
260,흑해바라기요정,200,
261,흑메이드요정,200,
262,주황요정,200,
263,하늘색요정,200,
264,비취색요정,200,
265,금색요정,200,
266,흑주정,1000,
270,지상토끼,200,
271,마을사람,200,
272,앨리스의인형,200,
273,마계인,1200,
274,까마귀텐구,500,
275,백랑텐구,400,
276,코코아,200,
277,요스즈메,200,
278,지옥까마귀,500,
279,망령,200,
280,캇파,500,
281,옛도시오니,1000,
282,지옥오니,1000,
283,사신,1000,
284,달토끼,700,
285,천인,1200,
286,둔갑고양이,400,
287,요괴여우,2200,
288,요괴쥐,200,
289,선인,1200,
290,흡혈귀,1000,
	;300～오리지널 캐릭터계 자리
300,메이벨,500,
301,아리오슈,5000,
302,유나,2000,
303,키나코,10000,
304,열미령,5000,
305,미루루,2500,
306,린보쿠산,930,
307,미토리,5000,
308,사샤,2000,
309,텐소쿠,3500,
310,미에키,500,
311,카렌,20000,
312,센,2800,
313,타토,2500,
314,에이카,21000,
315,슈가 사테라,500,
316,린카,4000,
317,로쿠,600,
318,레이카,10000,
;319,
	;320~ 휘침성 캐릭터
320,와카사기히메,400,
321,세키반키,1300,
322,카게로,3000,
323,벤벤,5000,
324,야츠하시,5000,
325,세이자,8000,
326,신묘마루,12000,
327,라이코,5000,
	;330~ 심비록, 감주전 캐릭터
330,스미레코,10000,
	;340~ 감주전 캐릭터
340,세이란,1000,
341,링고,1200,
342,도레미,3000,
343,사구메,12000,
344,클라운피스,1000,
345,순호,20000,
346,헤카티아,22000,
347,상아,15000,
	;400~ 국내 자체제작, MOD계 캐릭터
400,요카,300,
402,미라덱,25000,
403,코도,2222,
404,카마텍,5000
405,에시즈,10000,
410,Pico,100,
	;500～IRC 소재 관계(전시품 표시에 지장을 일으키므로 복자 해제)
500,ＩＲＣ당신,1000000,
501,촉수소녀,8000,
502,드리아드,20000,
503,릴리그레이,2000,
520,S해바라기요정,20000,
521,G좀비페어리,20000,
522,O메이드요정,20000,
523,로얄 플레어,10001,
524,사일런트 셀레나,10001,
525,아그니 샤인,10001,
526,프린세스 운디네,10001,
527,실피 호른,10001,
528,메탈 퍼티그,10001,
529,레이지 트릴리톤,10001,
597,헬코,666,
598,세이세이히메,777,
	;(YM의 사양상, 캐릭터는 500종이라 가정하고 있기 때문에 캐릭터 카드는 599까지로 함)
	;600～부록 아이템? (합성이나 탐색 따위. 단 만들지는 불명)
600,칼루아,1,;コーヒー豆で作られたリキュール。重厚な味と香りが特徴。소모품
601,맥주,1,;大麦を発酵させた飲料。喉で飲むと非常にうまい。소모품
602,와인,1,;葡萄の果汁を発酵させて作った飲み物。上品な色と香りで飲む者を楽しませる。소모품
603,대음양주,1,;米を原料にしたお酒。独特の香りとサラリとした味が心を和ませる。소모품
604,스피리터스,1,;アルコール度数が非常に高いお酒。鬼にもそこそこ効く。소모품
605,《신편귀독주》,1,;鬼に対して強い効果を発揮する貴重なお酒。甘露のような味が特徴。소모품
;606,(넥타르),1,;。소모품
;607,(소마),1,;媚薬効果も持っている。소모품
	;610～향(조교중에 사용하면 그 조교중 효과 지속되며 유리해지지만, 중첩은 불가능)
610,시더우드,1,;調教中の体力消費を軽減できるお香。소모품。
611,페퍼민트,1,;調教中の気力消費を軽減できるお香。소모품。
612,쟈스민,1,;調教中のムードを良くするお香。実行判定に＋修整。소모품。
613,라벤더,1,;調教中のムードを軽くするお香。ネガティブソースの上昇量を軽減。소모품。
614,머스크,1,;調教中のムードを明るくするお香。好感度の低下を抑制し上昇を強調。소모품。
615,프랑킨센스,1,;調教中の体力気力消費を軽減し、実行判定に＋修整とムードを改善するお香。소모품。
	;999번…특수
999,동방조교전,1000000,;調教の環境を整えてくれる怪しげな書物。ゲーム内ではコマンドフィルタ用枠も兼用
