;---------------------------------------------------,
;종족,
;---------------------------------------------------,
100,인간(?)
101,인간
102,요괴
103,요정
104,악마
105,마녀
106,흡혈귀
107,둔갑고양이
108,마법사
109,소령
110,유령과 인간의 혼혈
111,망령
112,여우요괴
113,오니
114,벌레요괴
115,밤참새
116,반백택
117,요괴토끼
118,달토끼
119,외계인
120,까마귀 텐구
121,인형
122,사신
123,염마
124,낙엽의 신
125,풍작의 신
126,액신
127,캇파
128,백랑 텐구
129,신
130,용궁의 사자
131,천인 나부랭이
132,츠루베오토시
133,츠치구모
134,하시히메
135,사토리 
136,카샤
137,지옥까마귀 with 야타가라스
138,악령
139,마계의 신
140,마계인
141,유령
142,지옥까마귀
143,영체
144,요괴와 인간의 혼혈
145,좀비 페어리
146,기계인형
147,왕우럭조개
148,요괴쥐
149,카라카사 요괴
150,뉴도
151,배 유령
152,누에
153,백택
154,기적의 신
155,촉수
156,다이다라봇치
157,천사
158,나무정령
159,선인
160,야마비코
161,강시
162,둔갑너구리
163,멘레이키
164,인어
165,로쿠로쿠비
166,늑대인간
167,아마노쟈쿠
168,난쟁이
169,츠쿠모가미
299,불명
;---------------------------------------------------,
;특수 목욕탕,
;---------------------------------------------------,
500,벌레목욕탕
501,뱀장어목욕탕
502,로션목욕탕
503,슬라임목욕탕
504,미약목욕탕
505,물감옥
506,정액목욕
507,술목욕
508,끈적이목욕
509,모옥목욕
510,한증탕
511,국사무쌍의 약목욕
512,액독목욕
513,요정목욕
514,암반욕
515,지폐목욕
;---------------------------------------------------,
;엔딩 이름,
;---------------------------------------------------,
1001,노멀 엔딩
1002,하렘 엔딩
1003,촉수사역자 엔딩
1004,촉수공주 엔딩
1005,영이 엔딩
1006,봉마 엔딩
1007,몽시공 엔딩
1008,몽환 엔딩
1009,마계 엔딩
1010,홍마 엔딩
1011,명계 엔딩
1012,췌몽 엔딩
1013,영야 엔딩
1014,피안 엔딩
1015,모리야 엔딩
1016,비상 엔딩
1017,지령 엔딩
1018,맹월 엔딩
1019,성련 엔딩
1020,향림당 엔딩
1021,삼월정 엔딩
1022,문화첩 엔딩
1023,자가선 엔딩
1024,요정대전쟁 엔딩
1025,신령묘 엔딩
1026,영나암 엔딩
1027,심기루 엔딩
1028,휘침성 엔딩
1029,더블스포일러 엔딩
;번호미설정(미구현)
;102X,자향화 엔딩,(미구현)
;102X,황혼 엔딩,(미구현)
;102X,추상옥 엔딩,(미구현)
;어떡할지 미정
;XXXX,비상천칙 엔딩,(미구현)


1050,하쿠레이신사 엔딩
1051,인형사 엔딩
1052,환상악단 엔딩
1053,요치원 엔딩
1054,누님 엔딩
1055,여동생 엔딩
1056,미움받는 자 엔딩
1057,동물 랜드 엔딩
1058,낭자애 엔딩
1059,사나이의 세계 엔딩
1060,미디어왕 엔딩
1061,착유노예목장 엔딩
1062,교주님 엔딩
1063,동방 하렘 엔딩
1064,중간보스연합 엔딩
1065,10인의 귀부인 엔딩
1066,음마 엔딩
1067,악마왕 엔딩
1068,무명 엔딩
1069,산의 신들 엔딩
1070,무지개색 엔딩
1071,비매 엔딩
1072,대부호 엔딩
1073,도시락가게 엔딩
1074,아이돌 엔딩
1075,연회 엔딩
1076,몽상 엔딩
1077,순애 엔딩
1078,대도서관 엔딩
1079,봉래인 엔딩
1080,마법소녀 엔딩
;1081,밤참새와놀자엔딩遊夜雀エンド,(미구현)
;1082,빙환경엔딩氷幻鏡エンド,(미구현)
1083,황혼주점 엔딩
1084,신선 엔딩
1085,츠쿠모가미 엔딩
1086,양계장 엔딩
;108X,광기 엔딩,(미구현)
;---------------------------------------------------,
;진짜 아무래도 상관없음,
;---------------------------------------------------,
3011,Ecstasy Raid Association
3012,요정왕국
3013,사랑의 용궁성
3014,치예전
3015,난교의 산
3016,성연정
3017,백탁루
3018,항마관
3019,퇴락한 신사
