0,처녀,;사나이의 낭만
1,비대음핵,;남자나 후타나리가 아니어도 SEX계 조교가 가능하지만 사정할 수 없다
9,성별 교체,;성별을 자유롭게 변화시킬 수 있다
	;성격계 소질
10,겁쟁이,;ABL:순종이 오르기 쉽다. PALAM:반감이 오르기 어렵다
11,반항적,;커맨드를 실행하기 어렵다。 판매하기 위해서는 순종 4 이상이 필요。PALAM:순종과 욕정이 오르기 어렵다
12,꿋꿋함,;커맨드를 실행하기 어렵다。기력 회복량이 많다。판매하기 위해서는 순종 4 이상이 필요
13,솔직함,;커맨드를 실행하기 쉽다。ABL:순종과 봉사정신이 오르기 쉽다。PALAM:순종이 오르기 쉽다
14,얌전함,;PALAM:반감이 오르기 어렵다
15,건방짐,;ABL:순종과 봉사정신이 오르기 어렵다。
16,프라이드가 높음,;커맨드를 실행하기 어렵다。ABL:기교와 봉사정신이 오르기 어렵다。PALAM:굴복이 오르기 어렵다
17,프라이드가 낮음,;커맨드를 실행하기 쉽다。ABL:봉사정신이 오르기 쉽다。PALAM:굴복이 오르기 쉽다
18,츤데레,;반항적을 동시에 가지는 경우、순종 4 이상이면 반항적→솔직함으로 변화
19,질투하기 쉬움,;보통 사람보다 질투심에 사로잡히기 쉽다。호감도와 질투도에 따라 PALAM:순종과 반감이 오르는 정도가 달라진다
	;성에 대한 관심계의 소질
20,자제심,;판매하기 위해서는 욕망 4 이상 필요。ABL:봉사정신이 오르기 어렵다。쾌락계 PALAM가 오르기 어렵다
21,무관심,:ABL:봉사정신이 오르기 어렵다。PALAM:순종、욕정、굴복、공포、반감이 오르기 어렵다
22,감정결여,:ABL:봉사정신이 오르기 어렵다。PALAM가 전체적으로 오르기 어렵다
23,호기심,;커맨드를 실행하기 쉽다。PALAM:습득이 오르기 쉽다
24,보수적,;커맨드를 실행하기 어렵다。ABL:봉사정신이 오르기 어렵다。PALAM:습득이 오르기 어렵다
25,낙관적,;ABL:봉사정신이 오르기 쉽다。PALAM:억울이 오르기 어렵다
26,비관적,;ABL:봉사정신이 오르기 쉽다。PALAM:억울이 오르기 쉽다
27,일선을 넘지않음,;모든 ABL가 오르기 어렵다
28,튀고 싶어함,;커맨드를 실행하기 쉽다. ABL:봉사정신과 노출벽이 오르기 쉽다
	;마음가짐계의 소질
30,정조관념,;정애계 조교의 효과가 낮다。PALAM:반감이 오르기 쉽다
31,정조관둔감,;정애계 조교의 효과가 낮다。PALAM:반감이 오르기 어렵다
32,억압,;커맨드를 실행하기 어렵다。판매하기 위해서 욕망 4 이상이 필요。PALAM:욕정이 오르기 어렵다。PALAM:반감이 오르기 쉽다
33,해방,;ABL:마조끼가 오르기 쉽다。PALAM:욕정과 굴복이 오르기 쉽다
34,저항,;커맨드를 실행하기 어렵다。판매하기 위해서 욕망 4 이상이 필요。PALAM:욕정이 오르기 어렵다。PALAM:반감이 오르기 쉽다
35,부끄럼쟁이,;커맨드를 실행하기 어렵다。노출계 조교의 효과가 높다
36,부끄럼없음,;노출계 조교의 효과가 낮다
37,남성혐오,;조교자가 남자면 조교를 실행하기 어렵다
38,여성혐오,;조교자가 남자 이외면 조교를 실행하기 어렵다
39,약점,;커맨드를 실행하기 쉽다
	;체질계 소질
40,아픔에 약함,;PALAM:공포와 반감이 오르기 쉽다。ABL:마조끼가 있으면 SM계 조교로 PALAM:욕정이 오르기 쉽다
41,아픔에 강함,;PALAM:공포와 반감이 오르기 어렵다
42,젖기 쉬움,;PALAM:윤활이 오르기 쉽다
43,젖기 어려움,;PALAM:윤활이 오르기 어렵다
44,약물내성,;커맨드「미약」실행불가 그외 여러가지 약품 사용 불가능
45,오줌싸개버릇,;항상 방뇨 커맨드를 실행할 수 있게 된다。절정시 방뇨。
46,미약중독,;미약 사용시 기력、체력소모 감소＋미약 효과 증대。그러나 7일마다 미약을 사용하지 않으면……
47,천식,;천식환자。숨이 끊어지기 쉽기 때문에 체력 소모가 크고、노래도 잘 부르지 못한다
48,주정,;사망시 부활。부활 페널티가 크다
49,봉래인,;사망시 부활。체력 회복량이 많다
	;기술계의 소질
50,습득빠름,;ABL:봉사정신이 오르기 쉽다。PALAM:습득이 오르기 쉽다
51,습득느림,;ABL:봉사정신이 오르기 어렵다。PALAM:습득이 오르기 어렵다
52,혀놀림,;펠라계 조교의 효과가 높다
53,바느질,;커맨드「바늘」의 효과가 높다
54,고양이혀,;펠라계 조교가 실행불가. 고양이펠라 패치가 켜져있으면 조건부로 실행가능
55,조합지식,;특수한 약을 구매할 수 있다。커맨드「미약」의 체력과 기력 소비가 적다
56,금단의 지식,;특수한 아이템이나 커맨드 사용이 가능
57,요정지식,;요정의 신체를 속속들이 알고 있다。조교자일 때 상대가 요정이면 PALAM가 여러가지로 오르기 쉽다
58,음구지식,;어른의 장난감의 취급을 숙지하고 있다。도구를 사용한 명령의 효과가 상승(구현예정)
59,치료,;주인 또는 조수시 체력회복량 상승
	;결벽도계의 소질
60,자위하기 쉬움,;자위 관련이 실행하기 쉽다。ABL:자위중독이 오르기 쉽다
61,냄새둔감,;펠라계 조교를 실행하기 쉽다。ABL:정액중독이 오르기 쉽다
62,냄새민감,;펠라계 조교를 실행하기 어렵다。ABL:정액중독이 오르기 어렵다
63,헌신적,;봉사계 조교를 실행하기 쉽다。ABL:봉사정신이 오르기 쉽다。PALAM:굴복이 오르기 쉽다
64,불결무시,;조교자일 때 불결에 의한 페널티를 받지 않는다
65,음모없음,;음모를 면도하거나 뽑아내 반들반들한 상태。PALAM:치정・굴복・억울이오르기 쉬우며、조건에 따라 고통・불쾌도 상시 약간씩 올라간다
66,정애미각,;정액을 마시는 것만으로도 절정하는 체질。ABL:정액중독이 오르기 쉽다
	;정직도계의 소질
70,쾌감에 솔직,;커맨드를 실행하기 쉽다。ABL:욕망과 봉사정신이 오르기 쉽다。PALAM:욕정이 오르기 쉽다
71,쾌감을 부정,;커맨드를 실행하기 어렵다。PALAM:욕정이 오르기 어렵다
	;성애성 계열의 소질
80,도착적,;SM계 조교의 효과가 높다。ABL이 전반적으로 오르기 쉽다
81,새드,;조교자일 때 커맨드를 실행하기 쉽다。ABL:봉사정신이 오르기 어렵다
82,마조,;SM계 커맨드의 효과 향상。PALAM:욕정 등이 오르기 쉽고、고통에 의한 체력과 기력의 소비도 경감。ABL:노출벽과 마조끼를 올리기 쉽다
83,바이,;동성조교를 실행하기 쉽다。ABL:레즈끼、레즈중독(ＢＬ끼、ＢＬ중독)이 오르기 쉽다
84,중독되기 쉬움,;ABL:자위중독、정액중독、레즈중독이 오르기 쉽다
85,중독되기 어려움,;능력「○○중독」이 오르기 어렵다
86,중독선동,;조수가 가지고 있으면、조교 중 일정 조건을 만족시키면 조교가 끝난 직후에만 능력 「○○중독」을 올리기 쉬워진다
	;매료계의 소질
90,매력,;판매가 상승
91,매혹,;조교자일 때 커맨드를 실행하기 쉽다。조교자일 때 PALAM가 전체적으로 오르기 쉽다
92,수수께끼의 매력,;조교자일 때 커맨드를 실행하기 쉽다。조교자일 때 PALAM가 전체적으로 오르기 쉽다
93,소악마,;조교자일 때 커맨드를 실행하기 쉽다
94,인기,;판매가 상승
95,고무,;조수일 시 커맨드를 실행하기 쉽다。조수일 때 조교 종료 후 조교대상의 자위 횟수 증가、시간 경과의 기력 회복량 증가
96,대유도,;조교 대상이 거유·폭유 때 조교의 효과가 오른다. 반면 조교 대상이 작은 가슴이나 절벽의 때는 효과가 약간 저하(원소재：오오뉴도大入道)
97,절벽가슴격추왕,;조교 대상이 빈유·절벽의 때 조교의 효과가 오른다. 반면 조교 대상이 큰 가슴과 폭유 때는 효과가 약간 저하(원소재：츠루베오토시つるべ落とし)
98,대범함,;훌륭한 마음의 그릇의 소유자。
	;신체 특징 외 
100,Ｃ민감,;PALAM:쾌Ｃ가 오르기 쉽다
101,Ｃ둔감,;PALAM:쾌Ｃ가 오르기 어렵다
102,Ｖ민감,;PALAM:쾌Ｖ가 오르기 쉽다
103,Ｖ둔감,;PALAM:쾌Ｖ가 오르기 어렵다
104,Ａ민감,;PALAM:쾌Ａ가 오르기 쉽다
105,Ａ둔감,;PALAM:쾌Ａ가 오르기 어렵다
106,Ｂ민감,;PALAM:쾌Ｂ가 오르기 쉽다
107,Ｂ둔감,;PALAM:쾌Ｂ가 오르기 어렵다

110,절벽,;ABL:Ｂ감각이 꽤나 오르기 쉽다。가슴 관련 조교가 일부 불가능
111,빈유,;ABL:Ｂ감각이 오르기 쉽다。가슴 관련 조교에 페널티
112,거유,;ABL:Ｂ감각이 오르기 어렵다。가슴 관련 조교에 보너스
113,폭유,;ABL:Ｂ감각이 꽤나 오르기 어렵다。가슴 관련 조교에 상당한 보너스
114,일광욕,;낮 시간의 체력회복량 상승
115,월광욕,;밤 시간의 체력회복량 상승
116,동물귀,;판매가 증가
;117,尻尾,;(現在効果なし)
;118,有翼,;(現在効果なし)
;119,髪形,;(現在効果なし)
	;특수
120,남자,;남자다
121,후타나리,;남자가 아니어도 SEX계 조교가 가능
122,수상한 뿌리,;조수시에 후타나리가 된다
123,구현,;조수시에 후타나리가 되기를 선택할 수 있다
124,현계화,;수상한 뿌리나 구현에 의해 페니스가 구체화되어있음
125,광기의 눈,;커맨드「광기의 눈」을 사용할 수 있다
126,교육자,;공방에서 교육을 수행하기 쉬워진다
127,소인체형,;주인이 금단의 지식을 가지고 있지 않으면 많은 ＶＡ조교에 제약이 걸린다
128,작은체형,;PALAM:고통・공포가 오르기 쉽다
129,거구,;PALAM:고통・공포가 오르기 어렵다、체력 소비가 줄어들고 일부 조교 명령이 실행하기 쉬워진다
130,유아,;조교자일 때 상대를 모유체질로 만든다。가슴 관련 조교의 효과가 높다
131,유치,;조교자일 때 상대를 모유체질로 만든다。조교자일 때 가슴 관련 조교의 효과가 높다
132,조루,;사정이 빨라진다
133,지루,;사정이 늦어진다
134,모유체질,;분유한다
135,난생,;알을 낳는 종족
136,산란체질,;난생이 아닌데 알을 낳아버리는 체질
137,회복빠름,;체력 회복량이 많다
138,회복느림,;체력 회복량이 적다
139,변환자재,;자신의 체격을 자유롭게 변화시킬 수 있다
	;임신계 소질(140～)・촉수계 소질(145～)
140,임신,;임! 신! 했다
141,육아중,;아이를 키우는 중이라는 증거
142,모성,;아이를 낳은 어머니의 사랑
143,포란중,;알을 돌보고 있다
145,회란,;촉수의 알을 임신한 상태。ABL:촉수중독이 오르기 쉽다。판매가 페널티、임신할 수 없게 된다
146,기생,;촉수를 체내에 기생시킨 상태。ABL:촉수중독이 오르기 쉽다、촉수조교의 소모를 줄이고、다른 소모가 증가。판매가 페널티
149,촉수사역술,;촉수를 조종하는 법을 익히고 있다. 지니고 있으면 촉수 조교가 가능해진다
	;함락계 소질
150,연모,;주인의 조교를 실행하기 쉽다。PALAM:굴복이 오르기 쉽다
151,망신,;커맨드를 실행하기 쉽다。PALAM:굴복이 오르기 쉽다
152,친애,;사랑의 증거
153,상애,;최고의 의존상태
157,질투,;조수 조교시 자신과 조교대상 둘 다 주인과 사이가 좋은 경우 PALAM:고통・굴복이오르기 쉽다。파르파르파르파르……
158,광기,;판매가가 많이 낮아짐。조교자일 때 일부 하드한 조교가 실행가능
159,유아퇴행,;PALAM:순종・고통・공포・반감이 오르기 쉽고、습득・욕정・치정・억울이 오르기 어렵다。가슴 관련 조교의 효과가 높다
160,복종,;몸도 마음도 노예가 된 증거
161,낙인,;영원히 주인의 것이 된 노예의 증거※이 소질이 있는 노예는 판매할 수 없게 됩니다
162,예속,;최고의 노예라는 증거. 노예가 되어 있는 것을 자랑스레 여긴다
163,흠집,;과거에 한번 낙인 찍힌 적이 있는 증거。판매은 할 수 있으나 판매가 저하、PALAM:공포・억울・반감이 오르기 쉽고、순종・고통이 오르기 어렵다
164,사역마,;충실한 종인 사역마의 증거. 조교자일 때 주인의 능력에 따라 효과가 증감한다.　※이 소질이 있으면 판매할 수 없게 됩니다
167,정신붕괴,;마음이 완전히 망가진 상태. 기력의 회복량이 매우 낮다.PALAM가 전체적으로 오르기 어렵다、호감도가 상승하지 않고 판매가가 크게 저하한다
168,괴뢰,;자아를 잃고 로봇화된 상태。기력의 회복량이 낮다. 쾌○、윤활、습득、고통 이외의 PALAM가 오르기 어렵다、호감도가 거의 상승하지 않으며、판매가가 저하
169,괴조인격,;자아가 파괴된 결과, 편리한 인격이 덧씌워진 상태. 커맨드를 실행하기 쉽고,불리한 PALAM도 오르기 어려워진다. 다만 판매할 수 없게 된다
	;음란계의 소질
170,음란,;커맨드를 실행하기 쉽다。ABL가 전체적으로 오르기 쉽다
171,음핵／음경,;Ｃ계 커맨드 실행시에 PALAM:습득・윤활・욕정이 오르기 쉽다。 억울이 오르기 어렵다
172,음호,;Ｖ계 커맨드의 효과 상승。PALAM:욕정・윤활・순종이 오르기 쉽고、억울이 오르기 어렵다
173,음고,;Ａ계 커맨드의 효과 상승。Ａ계 명령 수행시、PALAM:욕정・윤활・순종이 오르기 쉽고 공포·반감이 오르기 어려워진다
174,음유,;Ｂ계 커맨드의 효과 상승。가슴계 추가 커맨드의 경우 효과가 더욱 증대
175,요도광,;요도계 커맨드의 효과 상승
176,키스마,;키스로 느끼는 몸이 된 상태. 키스계의 명령이 강화된다
177,초Ｓ,;조교를 통해 가학 성향에 눈뜬 상태. 거동은 새드에 가까운
178,초Ｍ,;조교를 통해 피학 성향에 눈뜬 상태. 거동은 마조에 가까운
179,즉각함락,;커맨드를 실행하기 쉽다。PALAM:욕정이나 쾌감계열이 오르기 쉽다
180,음마,;음란계 최상위 소질. 몸도 마음도 타락해 버린 상태. 정신이 음마로 변하고 만 셈이다. 음란계 소질 취득 제한이 해제된다. 체력과 기력 소모가 경감되고 기력이 0이 되어도 페널티가 없다
	;기타 기술에 관한 소질
189,가전제품지식,;조금 복잡한 가전제품이라도 사용법을 이해할 수 있다
190,음치,;음감이 없다。노래에 불리
191,음감,;음감이 있다。노래에 유리
192,요리못함,;문자 그대로 요리를 못함。
193,요리잘함,;문자 그대로 요리를 잘함。
194,조리명인,;요리솜씨가 명인 수준。
195,공작명인,;물건 만들기에 대한 자신감과 실력이 있다。
196,보도자,;저널리스트의 자질。결과적으로 사진이나 비디오에도 유능하다。
197,마술기능,;마법 능력을 가지고 있다는 것을 보여준다
198,초상계산,;보통 사람은 볼 수 없는 수치를 볼 수 있다。
;199,분신,;분신 능력을 가지고 있음을 보여준다
	;종족특성
200,요정,;요정임을 나타낸다。그럭저럭 취하기 쉽다
205,흡혈귀,;흡혈귀임을 나타낸다。밤의 체력회복량 상승、낮에는 밖에 나갈 수 없다
206,기계,;안드로이드나 사이보그임을 나타낸다。약、관장의 대부분에 제한、체질변화 불가능。취기에 의한 소모가 증가하지 않는다
207,영체,;몸이 영혼으로 되어있다。체력이 잘 줄어들지 않고 기력이 줄기 쉽다
208,인형,;인형이다。PALAM:욕정・윤활은 오르기 어렵지만 고통에서 오는 체력・기력의 소모가 완화된다。취하기 어렵다
209,악마,;악마다。PALAM:욕정이 오르기 쉽다。조교자일 때 PALAM:욕정・고통이 오르기 쉽다
210,캇파,;캇파다。조교자일 때 PALAM:습득이 오르기 쉽다。술에 강하다。취기에 의한 소모가 경감된다
211,요호,;요호다。조교자일 때 PALAM:치정이 오르기 쉽다。조수시「미약」이 손에 들어올 때가 있다
212,반백택,;반백택이다。시간이 밤이면、1/3의 확률로 변신한다.(1=인간, 2=변신중)
213,사토리,;사토리다。기력의 소모와 PALAM:공포・반감이 오르기 쉽다。조교자일 때 PALAM:굴복・치정・공포가 오르기 쉽다。마음을 읽을 수 있게 된다
214,오니,;오니다。술에 매우 강하다。취기에 의한 소모가 증가하지 않는다
215,텐구,;텐구다。술에 강하다。취기에 의한 소모가 경감된다
216,구문지,;한번 본 것은 잊지 않는다？환생을 한다。그만큼 한번의 인생은 짧다。신체적으로는 미성숙하고 혀약。
217,누에,;누에다。일부 소질이 변동한다。또한、판매보정이 매우 높다
218,하쿠레이의 무녀,;하쿠레이의 무녀이다。세습가능。
219,카제하후리,;모리야의 현인신이다。세습가능。
220,폭발물,;폭발물이다. 어떤 조건을 충족시키면 폭발하므로 조심해서 취급할 것. 앨리스의 인형 등에게 있다.
221,황혼의괴물,;술에 대한 내성이 오니에 필적한다
222,신령,;신 혹은 부처이다。체력과 기력의 소모가 적고、회복도 빠르지만、특정 개인에게 끌리기 어렵다(호감도가 잘 오르지 않음)。
223,반신,;신 혹은 부처의 피를 이어받았다。체력과 기력이 회복이 빠르지만、특정 개인에게 끌리기 어렵다(호감도가 잘 오르지 않음)。
224,사신,;사신이다。조교자일 때、상대가[신령]이 아니면 PALAM:공포가오르기 쉽다
225,선인,;선인이다。[사신]과는 대립하고 있다。또한、판매보정이（식품으로써）높다。
226,강시,;그냥 시체인 것 같다. 일부 조교에 제약. 마조끼가 없으면 판매가 페널티
227,둔갑너구리,;둔갑 너구리이다. 조교자일 때 PALAM:치정이 오르기 쉽다. 조수 때 "미약"이 손에 들어갈 수있다 라는 사양. 미구현
;휘침성 이후 추가소질, 기능은 이런 거 어떨까 하는 아이디어 정도
228,츠쿠모가미,;
229,인어,;PALAM:윤활이 오르기 쉽다. 판매보너스. 미구현
230,목분리,;목이 분리되기 때문에 체위나 구속에 따른 커맨드 제약이 완화됨. 조수일 때 조교 대상의 공포가 오르기 쉬움. 미구현
231,늑대인간,;반백택과 마찬가지로 일정 시간의 밤이면 늑대인간으로 변신. 특수커맨드, 조교자시 공포, 피조교자시 욕정, 선도 오르기 쉬움. 미구현
	;창관계 소질
260,창부,;매춘으로 부정의 구슬이 잘 쌓이지 않는다. 세트 매춘의 조건
261,구애의존,;매춘 행위로 순종의 구슬이 증가한다. 단점도 많다. 사랑의 도피가 발생할 가능성도
262,매춘중독,;매춘 행위를 마음대로 하게 된다. 매춘을 억지로 못하게 하면 디메리트 발생
263,봄의 여인,;매춘시 부정의 구슬이 잘 쌓이지 않는다
264,간판소녀,;매춘시 부정의 구슬이 잘 쌓이지 않고 만족도 증가 등의 혜택이 있다
265,단골,;손님 수가 늘어나기 쉽다。최대 100명
	;분류 불명
830,거절,;상성이 강제로 50％으로 취급된다。상애・예속・괴조인격이 붙은 경우 53％로 취급
831,야채의 연금술사,;특수한 커맨드 사용 가능
;832,魔才の錬金術師,;魔才族の立派な体と永遠の若さをこの手に…………掴んだところで何をするのだろう？
833,Spell Card,;스펠카드의 사용자나 공통된 주인을 가지는 [SpellCard] 이외와의 상성이 극단적으로 나빠진다
834,지옥의훈장,;훌륭하게 그녀를 공략해주었다。보상으로 헬코를 구매할 권리를 갖자！
835,변천,;그 이름대로 특정 소질이 변한다
	;캐릭터 분류(어떻게 분류할지 검토 중)
;900,,;구작 캐릭터임을 나타낸다
;901,,;서방 캐릭터임을 나타낸다
;902,,;황혼주점 캐릭터임을 나타낸다
;903,,;무명 캐릭터임을 나타낸다
;904,,;2차 창작 캐릭터임을 나타낸다
	;디버그 커맨드
998,Debug,;커맨드를 실행하기 쉽다。조교 대상에게 달린 경우 조교 시 ABL이 오를 때가 있다. 디버깅용
