1,EX화 플래그
8,음핵성장제
9,산란촉진제
10,로션
11,미약
12,이뇨제
13,현자의 피
14,흥분제
15,좌제
16,배란유발제
17,긴급피임약
18,은방울꽃 독
19,곤충 채집 세트의 약

20,V계 장착기구
21,쿠스코
25,A계 장착기구
26,고드름
30,C계 장착기구
31,콘돔
32,U계 장착기구
35,B계 장착기구
36,사라시

40,긴박 관련
41,눈 장착기구
42,입 장착기구
43,삼각목마 승마중
44,코 장착기구
45,귀 장착기구

50,비디오 촬영
51,비디오 감상
52,야외 플레이
53,목욕탕 플레이
54,샤워 플레이
55,특수 목욕탕 입욕중
56,수치 플레이
57,의사 플레이
58,기저귀 플레이
59,코스튬 플레이
60,나체정식
68,애태우기 플레이
69,사정봉쇄

70,암흑
71,시간정지
72,유명의 고륜
73,광기의 눈
74,독심
75,축소화
76,거대화
77,정신제어계
78,YASAI 모드로 사용
79,방중술
80,초응시

90,촉수 조교
91,촉수 강제 회복
92,촉수 최면
93,촉수질내 산란
94,촉수장내 산란
95,캐릭터 촉수
96,촉수 치키치키
