0,処女喪失
1,Ｖ経験を伴うコマンド
2,主人による処女喪失
3,奴隷に精液を飲ませた
4,主人の処女喪失
5,助手の処女喪失

8,中出しのふりで射精
9,セックス(Ａ)で射精
10,セックス(Ｖ)で射精
11,口で射精
12,手で射精
13,クンニで射精
14,キスで射精
15,素股で射精
16,髪の毛で射精
17,助手を犯すで射精
18,逆レイプで射精
19,足で射精
20,腋で射精
21,フェラで射精
22,竿で射精
23,尿道で射精
24,肉便器で射精

29,胸で調教者が射精

30,調教対象が射精
31,調教対象が噴乳
32,調教対象が放尿
33,調教対象が精飲絶頂
35,主人が射精
36,助手が射精
37,触手他が射精

40,苦痛刻印
41,快楽刻印
42,屈服刻印
43,恐怖刻印
44,反発刻印
45,薬物刻印
46,恥辱刻印

50,主人経験
51,絶頂の強度
52,[抑圧][抵抗]の消滅
53,奉仕快楽経験
54,苦痛快楽経験
55,ＳＭ教育経験
56,露出快楽経験
59,主人調教経験上昇回避

62,Ａ快楽経験
63,Ｂ快楽経験

80,苦痛刻印相当の調教を受けた
81,快楽刻印相当の調教を受けた
82,屈服刻印相当の調教を受けた
83,恐怖刻印相当の調教を受けた
84,反発刻印相当の調教を受けた

86,恥辱刻印相当の調教を受けた

90,触手経験フラグ
91,射精した精液の量
92,射精した者
93,射精者判定用臨時変数
94,射精された者

96,同一コマンド連続実行ペナルティ回避フラグ
97,好感度計算用
98,コマンド属性判定
99,地の文分岐用

100,○○快楽経験入手判定用
101,今回の調教で処女喪失
102,挿しっぱなし
103,膣内射精フラグ
104,淫乱系素質判定用
105,反発刻印の回避
106,開発度に関する判定
107,調教の残り時間
108,パニック状態
109,称号付与判定

110,強精神薬のＣ絶頂処理の代わり
111,強精神薬のＶ絶頂処理の代わり
112,強精神薬のＡ絶頂処理の代わり
113,強精神薬のＢ絶頂処理の代わり

119,ビデオ鑑賞にて使用
120,処女喪失を撮影
121,ビデオ撮影回数
122,ビデオ撮影時の調教内容
123,残り鑑賞回数
124,写真を売却する場合の値段
125,母乳採取判定
126,搾乳中
127,採尿中
128,産卵する卵の数
129,愛液採集中
130,３Ｐのときの主人のコマンド
131,３Ｐのときの助手のコマンド
132,３Ｐ継続中
133,前回の調教者が助手
134,ヴァギナダイビングでのキャラ判定
135,アナルダイビングでのキャラ判定

140,調教コマンド実行済みかどうかの判定
141,人形愛撫残り使用可能回数・触手種付の地の文分岐用
142,蜘蛛の糸の強度
143,ふぉーゆーっ！・フィーバー使用回数
144,優しくするの口上分岐フラグ
145,前ターンで調教対象が射精したのか？
146,コスプレで着用する衣装
147,鰻風呂の鰻がＶやＡに入れるかのフラグ
148,何を口移ししているか？
149,酒を飲ませるで飲ませた酒の種類

150,野外プレイの調教場所を判定
151,野外プレイの状況を判定
152,狂気の目発動中
153,女体盛り盛り付けの種類
154,野外ライブ実行判定用
155,特殊風呂に使用
156,媚薬漬けで変動する素質・触手漬けをしたキャラの番号
157,サンドウィッチ判定
158,時間停止の使用者判定
159,スタンガン使用フラグ
160,国士無双の薬(奴隷)
161,国士無双の薬(主人)
162,国士無双の薬(助手)
163,焼芋挿入回数、時間
164,巨峰挿入回数、時間
165,？？挿入回数、時間
166,鰻が膣に侵入している
167,鰻がアナルに侵入している
168,鰻が尿道に侵入している
169,要石をはめていたターン
170,アナル要石をはめていたターン
171,氷柱責め使用回数
172,浣腸＋プラグ装着ターン数
173,カテーテル装着ターン数

175,特定の２人の組み合わせフラグ
176,公開露出ライブで乱交があった
177,どの浣腸プレイが可能であるかの判定フラグ
178,傘で舐めるで、誰の傘を使っているか

180,調教中の対象のＣ絶頂
181,調教中の対象のＶ絶頂
182,調教中の対象のＡ絶頂
183,調教中の対象のＢ絶頂

190,対象のＣ感覚による開発度
191,対象のＶ感覚による開発度
192,対象のＡ感覚による開発度
193,対象のＢ感覚による開発度

196,汎用逆口上における人格種別
197,汎用口上における人格種別
198,ハードSMコマンドで調教対象に起こったイベント
199,ハクタク化
200,イベント口上呼び出し用フラグ
201,単体エンド二重処理回避用、キャラ解説用、ランダム性のあるコマンドの口上用
202,弁当パッチの食後イベント判定、焼き芋パッチの展示室にいるかを判定
203,ビデオを使ったかどうかの判定
204,調教メニュー登録パッチ用
205,後日談表示判別フラグ
206,東方調教典キャラ解説用
207,キャラ解説の売却値・成長度の自動表示に使用
208,キャラ購入直後のＥＸ化の選択肢回避
209,厄袋購入判定に使用
210,夜這いイベントのキャラ保存用
211,夜イベント拡張のキャラ保存用
212,夜イベント拡張のキャラ保存用

220,調教後レズ、ＢＬプレイをおこなったかどうか？
221,
222,妊娠判定
223,汎用口上を呼び出すかどうかのフラグ
224,おねだり口上抑制フラグ
225,SHOP画面からEX化を呼び出したフラグ
226,調教後プレイにおける回数
227,調教後噴乳における噴乳量
228,[雌雄可変]による性転換フラグ
229,直前の行為が自慰行為であるか否かのフラグ

230,触手漬けにおける計算用
231,触手漬けにおける計算用
232,触手漬けにおける計算用
233,触手生贄・幽閉における計算用
234,触手生贄・幽閉における計算用
235,持ち歌披露フラグ
236,トリオライブフラグ
237,トリオの３人目
238,調教中の好感度変動量
239,ビデオタイトル判別における変数の代用
240,実行判定における基準値
241,実行判定における実行値
242,実行判定で算出した汚れ
243,毒弁当イベント用口上分岐フラグ

651,娘調教可能化モードの一時的に判定に使用
652,娘調教可能化モードのキャラ判定に使用
653,娘調教可能化モードのキャラ判定に使用
654,子供の性別
698,YM移植版犯されパッチで使用
699,YM移植版犯されパッチで使用
700,育児部屋コマンドを実行したか
701,前回育児部屋コマンドを実行した日
702,前回育児部屋コマンドを実行した時間
703,そのまま射精時の射精先の区分
704,射精先選択機能処理フラグ
705,奴隷の射精判定をすでに行ったか

710,売却されたキャラの登録キャラ番号

895,失神したかどうかの判別用
896,失神中の恐怖を管理
897,失神中の絶頂を管理
898,失神中の苦痛を管理
899,失神中のコマンド実行回数管理

900,カウンター用
901,調教対象退避用
902,助手退避用
903,前ターンに変動した好感度
904,前ターンに変動した奉仕快楽経験
905,前ターンに変動した苦痛快楽経験
906,前ターンに変動したＳＭ教育経験
907,前ターンに変動した露出快楽経験
908,前ターンに変動したＡ快楽経験
909,前ターンに変動したＢ快楽経験
910,前ターンにおける調教対象の口の汚れ
911,前ターンにおける調教対象の手の汚れ
912,前ターンにおける調教対象のペニスの汚れ
913,前ターンにおける調教対象のヴァギナの汚れ
914,前ターンにおける調教対象のアナルの汚れ
915,前ターンにおける調教対象の胸の汚れ
916,前ターンにおける調教対象の足の汚れ
917,前ターンにおける調教対象の髪の汚れ
918,前ターンに取得した苦痛刻印
919,前ターンに取得した快楽刻印
920,前ターンに取得した屈服刻印
921,前ターンに取得した恐怖刻印
922,前ターンに取得した反発刻印
923,前ターンに取得した薬物刻印
924,前ターンに取得した恥辱刻印

994,引き継ぎ中判定
995,[中毒扇動]の効力判定
996,蒐集品の展示室持ち込み判定フラグ
997,その他キャラ射精ゲージ
998,その他キャラ射精ゲージ
999,調教中かを判定
