;--------------------------------------------------
;애무계 커맨드(0～9)
0,애무
1,커닐링구스
2,애널애무
3,가슴애무
4,손가락삽입
5,펠라한다
6,키스한다
7,자위
9,아무것도 안한다
;--------------------------------------------------
;기본 도구 사용 커맨드(10～19)
10,로터
11,전기안마기
12,바이브
13,애널바이브
14,클리캡
15,유두캡
16,오나홀
17,전극오나홀
;--------------------------------------------------
;섹스계 커맨드(20～29)
20,정상위
21,후배위
22,대면좌위
23,배면좌위
24,기승위
25,역강간
26,조수를 범한다
27,대면입위
28,배면입위
;--------------------------------------------------
;애널 섹스계 커맨드(30～39)
30,정상위애널
31,후배위애널
32,대면좌위애널
33,배면좌위애널
34,기승위애널
35,역애널강간
36,조수의Ａ를 범함
37,대면입위애널
38,배면입위애널
;--------------------------------------------------
;봉사계 커맨드(40～59)
40,수음
41,펠라치오
42,파이즈리
43,스마타
44,애널강제핥기
45,애널애원하기
46,강제발핥기
47,풋잡
48,헤어잡
49,겨드랑이잡
50,전신잡
51,엉덩이잡
52,육봉마찰
53,불알애무
54,강제불알핥기
55,강제애널애무
;--------------------------------------------------
;약품계 커맨드(60～79)
60,로션
61,미약
62,이뇨제
63,좌약
64,좌약(질)
65,현자의 피
66,배란유도제
67,긴급피임약
68,산란촉진제
69,음핵성장제
70,흥분제
71,조수피임약
72,감각증폭약
;--------------------------------------------------
;주사계 커맨드(80～89)
80,클리토리스주사
81,바기나주사
82,애널주사
83,바스트주사
84,요도주사
85,Ｃ비대주사
86,Ｃ현자의 피 주사
88,채혈주사
;--------------------------------------------------
;수치 플레이계＋α(90～119)
90,알몸 앞치마
91,학교수영복플레이
92,의사플레이
93,코스프레
94,조수코스프레

100,비디오촬영
101,비디오감상
102,사진촬영
103,수치플레이
104,야외플레이
105,공개노출라이브
106,공중육변기플레이
107,나체식탁
108,베이비플레이
;109,オムツにお漏らし, (미실장)
110,보지벌리기
111,방뇨
112,제모
113,털뽑기
114,털뽑게하기
115,자위보여주기
116,조수주인자위공연
117,음부과시
118,더블음부과시
;--------------------------------------------------
;Ｃ계 확장 커맨드(120～149)
120,애태우기플레이
121,사정막기
122,클리집중자극
123,클리쥐어짜기
124,로터자위
125,전기안마자위
126,안면기승위
;127,다리자위
;128,귀두집중자극
;129,미약떡칠하기
130,음핵빨래집게
131,음핵전극
132,페니스로터
133,페니스전기안마
;(음핵 성장계 커맨드)
135,음핵측정
136,거죽절개
137,사정기능개발

;(요도계 확장 커맨드)
140,요도면봉
141,카테터삽입
142,채뇨기
143,벌룬카테터
144,전극카테터
145,오줌마시기
146,요도삽입
147,요도비즈
148,요도바이브
;--------------------------------------------------
;Ｖ계 확장 커맨드(150～169)
150,쿠스코
151,로터삽입
152,소음순손가락애무
153,애액채집기
155,바기나전극
156,바기나바벨
157,바기나벌룬
;--------------------------------------------------
;Ａ계 확장 커맨드(170～189)
170,로터Ａ삽입
171,애널전극
172,애널비즈
173,확장벌룬
174,관장플레이
175,공기관장
;178,조수에게 관장, (미실장)
179,애널바벨
180,애널핥기
181,애널면봉
182,애널자위
183,엉덩이스마타
184,프리스크
;185,국좌검사, (미실장)
186,엉덩이애무
187,안면애널기승위
188,애널주름세기
;--------------------------------------------------
;Ｂ계 확장 커맨드(190～219)
190,유두로터
191,착유기
192,유선개발
193,유방전극
194,사라시
195,유두빨래집개

200,가슴주무르기
201,유두집중자극
202,유두핥기
203,유두빨기
204,모유마시기
205,가슴자위
206,젖스팽킹
207,젖퍽
208,세로파이즈리
209,파이즈리펠라
210,젖맞닿기
211,젖맞대고 과시
;2XX,二人羽織プレイ,（未実装,作る/作られるかは不明）
;--------------------------------------------------
;ＳＭ계, 하드한 조교 커맨드(220～239)
220,스팽킹
221,채찍
222,바늘
223,촛불
224,밧줄
225,아이마스크
226,볼재갈
227,매도
228,코집게
229,강제개구기
230,이라마치오
231,피스트퍽
232,애널피스트
233,양구멍피스트
234,바기나다이빙
235,애널다이빙
236,경혈찌르기
237,코 빨래집개
238,스턴건
;239,洗濯バサミを弾く, (미실장)
;--------------------------------------------------
;고문계, 정신조작계 커맨드(240～269)
240,발로 밟기
241,배에 강펀치
242,삼각목마
243,말뚝
244,칼질
245,손도끼
;246,톱, (미실장)
;247,상처 도려내기, (미실장)
;248,먹는다, (미실장)
;249,먹인다, (미실장)
;250,목매달기, (미실장)
251,따귀치기
252,아이언메이든
;--------------------------------------------------
;마조계 조교 커맨드(270～289)
270,매도당하기
271,발핥기
272,얻어맞기
273,채찍질맞기
;--------------------------------------------------
;임신 패치의 커맨드(290～299)
290,콘돔
291,콘돔정액마시기(노)
292,콘돔정액마시기(조)
293,정액키스
;--------------------------------------------------
;조수에 의한 커맨드 및 레즈(ＢＬ) 플레이(300～319)
300,강제커닐링구스
301,보지비비기
302,풋잡한다
303,더블펠라
304,Ｗ펠라
305,더블스마타
306,더블파이즈리
307,조수를 범하게함
308,조수의 Ａ를 범하게함
309,조수와 키스한다
310,더블스팽킹
311,Ｗ스팽킹
312,둘의 V를 피스트
313,둘의 A를 피스트
;--------------------------------------------------
;역봉사, 우후후계 커맨드(320～349)
320,상냥하게 한다
321,수음한다
322,파이즈리한다
323,정상위시킨다
324,후배위시킨다
325,기승위한다
326,페니스밴드삽입
327,손가락츄파
328,목덜미자극
329,불알애무
330,불알핥기
331,둘이서 펠라한다
332,Ａ정상위시킨다
333,Ａ후배위시킨다
334,Ａ기승위시킨다
335,파이즈리펠라한다
336,보지닦기
337,W목덜미자극
338,둘이 범하게 한다
339,포옹한다

340,파후파후
341,가슴베개
342,가슴맞대기
343,젖싸다귀
344,서로 젖주무르기
345,목욕하며 보낸다
346,밖에서 보낸다
347,신혼부부처럼 보낸다
348,술을 마시게 한다
349,포―윳―!
;--------------------------------------------------
;목욕계 커맨드(350～379)
350,목욕탕 플레이
351,샤워
352,거품비비기
353,거품비비기한다
354,다리에 부비기

355,풀장 플레이
356,풀장에서 수영
357,워터슬라이더
358,다이빙대
359,풀장에 던진다

360,벌레목욕
361,뱀장어목욕
362,로션목욕
363,슬라임목욕
364,미약목욕
365,물고문
366,정액목욕
367,술목욕
368,찐덕이목욕
369,털공목욕
370,한증탕
371,국사무쌍의 약목욕
372,액독목욕
373,암반욕
374,뭉치목욕
;--------------------------------------------------
;수간계 커맨드(380～399)
380,버터견플레이
381,개로 범함
382,개를 범함
383,돼지로 범함
384,돼지를 범함
385,말을 펠라함
386,말로 범함
387,개와 키스
388,돼지와 키스
;--------------------------------------------------
;고유 커맨드(400～499)
400,흡혈
401,암흑
402,시리코다마뽑기
403,고구마고문
404,거봉고문
405,아스파라거스고문
406,인탱글
407,덩굴채찍
408,거미줄
409,팽이돌리기
410,거미다리애무
411,인형애무
412,꼭두각시 실
413,음핵지지기
414,유두지지기
415,독심
416,사간
417,붓고문
418,시간정지
419,광기의 눈
420,방울꽃 독
421,곤충채집세트약
422,미약통
423,술통
424,계곡주
425,카리쮸마가드
427,음모태우기
430,수레바퀴
431,포 오브 어 카인드
432,고드름고문
433,애널탑
434,뿔애무
435,뿔삽입
436,뿔애널삽입
437,바기나요석
438,애널요석
439,양구멍요석
440,반령을 범한다
441,반령을 삽입(앞)
442,반령을 삽입(뒤)
443,유명의 고륜
444,반령재구성
445,지식대담
446,설교를 당한다
447,우산을 애무한다
448,방중술
449,피버!
450,피쳐두잔,;儀式「とりあえずピッチャー二つで」
451,취생몽사,;酔生夢死「空飛ぶ呑んべぇのレムリア」
452,꿰뚫어보기
453,우산더러 핥게 한다
454,부적딸
;--------------------------------------------------
;촉수계 커맨드(500～509)
500,촉수소환
501,촉수삽입
502,촉수애널삽입
503,촉수클리집중자극
504,촉수유두집중자극
505,촉수페니스집중자극
506,촉수펠라
507,촉수긴박
508,촉수콧구멍삽입
509,촉수메이든
;--------------------------------------------------
;신사적인 촉수계 커맨드(510～599)
510,촉수기생
511,촉수간지르기
512,촉수보지벌리기
513,촉수파이즈리
514,촉수스마타
515,촉수방전페니스고문

520,촉수Ｇ스폿고문
521,촉수자궁고문
522,촉수관장
523,촉수소장고문
524,촉수관통
525,촉수착유
526,촉수유선삽입
527,촉수카테터
528,촉수채뇨
529,촉수귓구멍삽입
530,촉수바기나확장
531,촉수애널확장
532,촉수양구멍확장
533,촉수산란
534,촉수애널산란
535,촉수애액채집

540,촉수입안세정
541,촉수질내세정
542,촉수장내세정
543,촉수방광세정
544,촉수콧구멍세정
545,촉수귓구멍세정
546,촉수전신세정

550,촉수최면
551,촉수채찍질
552,촉수바늘고문
553,촉수방전
554,촉수흡혈
;555,촉수통째로삼킴,(구상 중)
556,촉수해킹
;55X,촉수옷,(구상 중/촉수 에이프런이란 이름도 있을 법?)

560,촉수강제회복
561,촉수배란유도
562,촉수피임막도포
563,촉수발모제
564,촉수탈모제

580,촉수독심고문
581,촉수전기충격
582,촉수유령질경
583,촉수강제음주
584,촉수정신제어
585,촉수액독뿜기
586,촉수장내촬영
587,촉수언어고문
588,촉수방울꽃미약
589,촉수관능도서
590,촉수요정안마
591,촉수얼음수음
592,촉수음맥탐사
593,촉수최종심판
594,촉수백렬단풍
595,촉수풍양음향
;596,촉수○○○○,(구상 중・스와코용 커맨드 예정・타타리계?)
;5XX,촉수잡설,(구상 중)

;특수한 촉수 커맨드용(2人以上必要なコマンド中心/作るかどうかは不透明)
;5XX,촉수조개맞대기,(구상 중)
;5XX,촉수펠라치오,(구상 중)
;5XX,촉수６９,(구상 중)
;5XX,촉수난교,(조정 중)
;--------------------------------------------------
;파생 커맨드(600～)
600,Ｇ스팟자극
601,잠망경
602,식스나인
603,６９파이즈리
604,기러기목
605,손가락으로 V 만지기

610,３Ｐ
611,이와시미즈
612,노니는 모란
613,기승유방자위
614,삽입Ｇ스팟자극
615,삽입자궁구자극
616,후배위애무
617,대면애무
618,후배위애널애무
619,대면애널애무
620,강제방뇨
621,입으로먹이기
622,사지결박
623,귀갑묶기
624,매달기
625,로션플레이
626,착유
627,유두깨물기
628,상호자위
629,샌드위치
630,후배위수음
631,서로보지벌리기

649,술먹이기
650,정파리의 거울
651,수레바퀴(역강간)
652,포오브어카인드(후타나리)
653,거미집
654,거미다리6점자극
655,거미집섹스
656,거미집애널섹스
657,먹이플레이
658,구속∇
;659,暗黒潮干狩り, (미실장)

;꼬리(660～）
660,꼬리애무
661,꼬리삽입
662,꼬리애널삽입
663,꼬리자위
664,꼬리파묻히기
;665,꼬리로 Ｖ범하기（未実装）
;666,꼬리로 Ａ범하기（未実装）
;667,꼬리역강간（未実装）
;668,꼬리Ａ역강간（未実装）
669,꼬리당기기
670,꼬리베개
671,꼬리딸
672,꼬리베개모후모후
673,꼬리맞대기

690,물먹이기
;토리코모드용 커맨드
691,식사